उत्तर टोला,कैथा,धमौल,इस्लामनगर अलीगंज,जमुई,806101
दक्षिण टोला,कैथा,धमौल,इस्लामनगर अलीगंज,जमुई,806101
ताजपुर,ताजपुर,बारा,इस्लामनगर अलीगंज,जमुई,811301
महतपुर,महतपुर,धनार,इस्लामनगर अलीगंज,जमुई,811301
डिहरी,डिहरी,बारा,इस्लामनगर अलीगंज,जमुई,811301
धनार,धनार,धनार,इस्लामनगर अलीगंज,जमुई,811301
तेलार,तेलार,चन्द्रदीप,इस्लामनगर अलीगंज,जमुई,806124
आढा,आढा,इस्लामनगर अलीगंज,जमुई,811301
पलसा बुजुर्ग,पलसा बजुर्ग,आढा,इस्लामनगर अलीगंज,जमुई,811301
मतबलवा,मतबलवा,आढा,इस्लामनगर अलीगंज,जमुई,811301
चन्द्रदीप,चन्द्रदीप,इस्लामनगर अलीगंज,जमुई,806124
बेला,बेला,चन्द्रदीप,इस्लामनगर अलीगंज,जमुई,806124
बहछा,बहछा,अबगिला चौरासा,इस्लामनगर अलीगंज,जमुई,811301
सेवे,सेवे,इस्लामनगर अलीगंज,जमुई,811301
इचौड़,इचौड,सेवे,इस्लामनगर अलीगंज,जमुई,811301
चौरासा,चौरासा,अबगिला चौरासा,इस्लामनगर अलीगंज,जमुई,811301
परसामा,परसामा,अबगिला चौरासा,इस्लामनगर अलीगंज,जमुई,811301
पूर्वी टोला,अबगिला चौरासा,अबगिला चौरासा,इस्लामनगर अलीगंज,जमुई,811301
पश्चिमी टोला,अबगिला चौरासा,अबगिला चौरासा,इस्लामनगर अलीगंज,जमुई,811301
अम्बा,अम्बा,अबगिला चौरासा,इस्लामनगर अलीगंज,जमुई,811301
पलसायुर्द,पलसायखुर्द,चन्द्रदीप,इस्लामनगर अलीगंज,जमुई,806124
उत्तर टोला,नोनी,नोनी,इस्लामनगर अलीगंज,जमुई,811301
दक्षिण टोला,नोनी,नोनी,इस्लामनगर अलीगंज,जमुई,811301
ढावा टोला,नोनी,नोनी,इस्लामनगर अलीगंज,जमुई,811301
सोलहपुर,सोलहपुर,बारा,इस्लामनगर अलीगंज,जमुई,811301
बारा,बारा,इस्लामनगर अलीगंज,जमुई,811301
दक्षिण टोला,सॉँपो,नोनी,इस्लामनगर अलीगंज,जमुई,811301
उत्तर टोला,सॉँपो,नोनी,इस्लामनगर अलीगंज,जमुई,811301
कोल्हाना,कोल्हना,सेवे,इस्लामनगर अलीगंज,जमुई,811301
हैदरा,कोल्हना,धनामा,इस्लामनगर अलीगंज,जमुई,806101
मैनाचातर,कोल्हना,सेवे,इस्लामनगर अलीगंज,जमुई,811301
छतिऐनी पुरब टोला,लोहान,लोहान,इस्लामनगर अलीगंज,जमुई,811304
नवीनगर,नवीनगर,दीननगर,इस्लामनगर अलीगंज,जमुई,811301
शाहपुर,नवीनगर,दीननगर,इस्लामनगर अलीगंज,जमुई,811301
हथिया,मंदरा,सहोडा,इस्लामनगर अलीगंज,जमुई,811301
मंदरा,मंदरा,सहोडा,इस्लामनगर अलीगंज,जमुई,811301
पश्चिमी टोला,दीननगर,दीननगर,इस्लामनगर अलीगंज,जमुई,811301
दक्षिण टोला,दीननगर,दीननगर,इस्लामनगर अलीगंज,जमुई,811301
पूरब टोला,दीननगर,दीननगर,इस्लामनगर अलीगंज,जमुई,811301
रूपपोखर,दीननगर,दीननगर,इस्लामनगर अलीगंज,जमुई,811301
उत्तर टोला,धनामा,धनामा,इस्लामनगर अलीगंज,जमुई,806101
गढ़पार,धनामा,धनामा,इस्लामनगर अलीगंज,जमुई,806101
दक्षिण टोला,धनामा,धनामा,इस्लामनगर अलीगंज,जमुई,806101
सहोडा,सहोडा,इस्लामनगर अलीगंज,जमुई,811301
सगमा,सगमा,धनामा,इस्लामनगर अलीगंज,जमुई,806101
मोहनपुर,मोहनपुर,धनामा,इस्लामनगर अलीगंज,जमुई,806101
डांढ,डांढ,सहोडा,इस्लामनगर अलीगंज,जमुई,811301
कैयार,कैयार,इस्लामनगर अलीगंज,जमुई,811301
जगधर,कैयार,इस्लामनगर अलीगंज,जमुई,811301
योगीचक,कैयार,इस्लामनगर अलीगंज,जमुई,811301
गंगटी,कैयार,इस्लामनगर अलीगंज,जमुई,811301
जखड़ा,जखडा,कैयार,इस्लामनगर अलीगंज,जमुई,811301
महेर,जखडा,कैयार,इस्लामनगर अलीगंज,जमुई,811301
मुर्गियाचक,जखडा,कैयार,इस्लामनगर अलीगंज,जमुई,811301
मेसैढा,कैयार,इस्लामनगर अलीगंज,जमुई,811301
भरैती,कैयार,इस्लामनगर अलीगंज,जमुई,811301
खजुर,कैयार,इस्लामनगर अलीगंज,जमुई,811301
मल्लिकपुर,कैयार,इस्लामनगर अलीगंज,जमुई,811301
पुरब टोला,दिघौत,कैयार,इस्लामनगर अलीगंज,जमुई,811301
पश्चिम टोला,दिघौत,कैयार,इस्लामनगर अलीगंज,जमुई,811301
बरडीह,बरडीह,सिकंदरा,इस्लामनगर अलीगंज,जमुई,811316
मिर्जागंज,मिर्जागंज,इस्लामनगर अलीगंज,जमुई,811301
दरखा,दरखा,इस्लामनगर अलीगंज,जमुई,811301
बाल्डा,बाल्डा,दरखा,इस्लामनगर अलीगंज,जमुई,811301
सहना,महना,मरकामा,इस्लामनगर अलीगंज,जमुई,811301
रतनपुर,महना,मरकामा,इस्लामनगर अलीगंज,जमुई,811301
मरकामा,मरकामा,इस्लामनगर अलीगंज,जमुई,811301
पुर्वी सोनर,अलीगंज,इस्लामनगर अलीगंज,जमुई,811301
पश्चिम सोनखार,अलीगंज,इस्लामनगर अलीगंज,जमुई,811301
नोनिया टोला,अलीगंज,इस्लामनगर अलीगंज,जमुई,811301
टाठठेला गोखुल,अलीगंज,अलीगंज,इस्लामनगर अलीगंज,जमुई,811301
अलीगंज,अलीगंज,इस्लामनगर अलीगंज,जमुई,811301
उत्तरी बाजार,अलीगंज,अलीगंज,इस्लामनगर अलीगंज,जमुई,811301
दक्षिणी बाजार,अलीगंज,अलीगंज,इस्लामनगर अलीगंज,जमुई,811301
अन्दर बाजार,अलीगंज,अलीगंज,इस्लामनगर अलीगंज,जमुई,811301
कोयरी टोला,मानपुर,अलीगंज,इस्लामनगर अलीगंज,जमुई,811301
अनुसूचित जाति टोला,मानपुर,अलीगंज,इस्लामनगर अलीगंज,जमुई,811301
मगरोहर,मंगरोहर,अबगिला चौरासा,इस्लामनगर अलीगंज,जमुई,811301
तेतरिया,तेतरिया,अबगिला चौरासा,इस्लामनगर अलीगंज,जमुई,811301
धर्मपुर,धर्मपुर,अबगिला चौरासा,इस्लामनगर अलीगंज,जमुई,811301
झंझरी,झंझरी,अबगिला चौरासा,इस्लामनगर अलीगंज,जमुई,811301
माणिकपुर,इस्लामनगर,हिलसा,इस्लामनगर अलीगंज,जमुई,811301
हाबुनग ,इस्लामनगर,हिलसा,इस्लामनगर अलीगंज,जमुई,811301
उत्तरी टोला,इस्लामनगर,इस्लामनगर,इस्लामनगर अलीगंज,जमुई,811301
बीचली टोला,इस्लामनगर,इस्लामनगर अलीगंज,जमुई,811301
दक्षिण टोला,इस्लामनगर,इस्लामनगर अलीगंज,जमुई,811301
पश्चिम टोला,इस्लामनगर,इस्लामनगर अलीगंज,जमुई,811301
खडगपुर,खडगपुर,अबगिला चौरासा,इस्लामनगर अलीगंज,जमुई,811301
हुडरहिया,खडगपुर,अबगिला चौरासा,इस्लामनगर अलीगंज,जमुई,811301
बेगवा,बेगवा,हिलसा,इस्लामनगर अलीगंज,जमुई,811301
पश्चिम टोला,भलुआना,हिलसा,इस्लामनगर अलीगंज,जमुई,811301
पूरब टोला,भलुआना,हिलसा,इस्लामनगर अलीगंज,जमुई,811301
कोदवरिया,कोदबरिया,हिलसा,इस्लामनगर अलीगंज,जमुई,811301
दक्षिणी टोला,रामसागर हिलसा,हिलसा,इस्लामनगर अलीगंज,जमुई,811301
रामसागर हिलसा,रामसागर हिलसा,हिलसा,इस्लामनगर अलीगंज,जमुई,811301
निर्माली,कोदबरिया,हिलसा,इस्लामनगर अलीगंज,जमुई,811301
इटाबांध,कोदबरिया,हिलसा,इस्लामनगर अलीगंज,जमुई,811301
लक्ष्मीपुर,कोदबरिया,हिलसा,इस्लामनगर अलीगंज,जमुई,811301
पुरसंडा,पुरसण्डा,पुरसण्डा,इस्लामनगर अलीगंज,जमुई,811301
भागलपुर,पुरसण्डा,पुरसण्डा,इस्लामनगर अलीगंज,जमुई,811301
सबसिनिया,पुरसण्डा,पुरसण्डा,इस्लामनगर अलीगंज,जमुई,811301
उत्तर टोला,पुरसण्डा,पुरसण्डा,इस्लामनगर अलीगंज,जमुई,811301
सुन्दरबाद,सुन्दरबाद,पुरसण्डा,इस्लामनगर अलीगंज,जमुई,811301
बालाडीह,बालाडीह,बालाडीह,इस्लामनगर अलीगंज,जमुई,811301
महमदपुर,महमदपुर,बालाडीह,इस्लामनगर अलीगंज,जमुई,811301
विरजुनगर,महमदपुर,बालाडीह,इस्लामनगर अलीगंज,जमुई,811301
धनकुबेर,महमदपुर,बालाडीह,इस्लामनगर अलीगंज,जमुई,811301
गहलौर,गहलौर,मरकामा,इस्लामनगर अलीगंज,जमुई,811301
राधानगर,गहलौर,मरकामा,इस्लामनगर अलीगंज,जमुई,811301
लेनिनगन,गहलौर,मरकामा,इस्लामनगर अलीगंज,जमुई,811301
ब्रहमदेव,गहलौर,मरकामा,इस्लामनगर अलीगंज,जमुई,811301
ऋषिडीह,ऋषिडीह,मरकामा,इस्लामनगर अलीगंज,जमुई,811301
अकौनी,अकौनी,कुमार,सिकन्दरा,जमुई,811316
मुशहरी टोला,कुमार,सिकन्दरा,जमुई,811316
उत्तरी टोला,कुमार,कुमार,सिकन्दरा,जमुई,811316
पूर्वी टोला,कुमार,कुमार,सिकन्दरा,जमुई,811316
पशिचम टोला,कुमार,कुमार,सिकन्दरा,जमुई,811316
तुलाडीह,कुमार,कुमार,सिकन्दरा,जमुई,811316
नया टोला टांड पर,कुमार,कुमार,सिकन्दरा,जमुई,811316
धर्मपुर,धर्मपुर,रवैय,सिकन्दरा,जमुई,811316
पूर्वी टोला,पिरहिण्डा,पिरहिण्डा,सिकन्दरा,जमुई,811316
पश्चिमी टोला,पिरहिण्डा,पिरहिण्डा,सिकन्दरा,जमुई,811316
सहसराम,पिरहिण्डा,पिरहिण्डा,सिकन्दरा,जमुई,811316
पश्चिम टोला,पोहे,पिरहिण्डा,सिकन्दरा,जमुई,811316
उतरी टोला,पोहे,पिरहिण्डा,सिकन्दरा,जमुई,811316
पूर्वी टोला,पोहे,पिरहिण्डा,सिकन्दरा,जमुई,811316
पश्चिम टोला ,पोहे,पिरहिण्डा,सिकन्दरा,जमुई,811316
अचम्भो,अचम्भो,पिरहिण्डा,सिकन्दरा,जमुई,811316
पचमहुआ,पचमह्दआ,सिकंदरा,सिकन्दरा,जमुई,811316
लहिला,पचमह्दआ,सिकंदरा,सिकन्दरा,जमुई,811316
चितौनी,रामडीह चितौनी,सिकंदरा,सिकन्दरा,जमुई,811316
रामडीह,रामडीह चितौनी,सिकंदरा,सिकन्दरा,जमुई,811316
आचार्यडीह,आचार्यडीह,सिकंदरा,सिकन्दरा,जमुई,811316
लोहण्डा,लोहण्डा,सिकंदरा,सिकन्दरा,जमुई,811316
विशनपुर अंश,खरडीह,खरडीह,सिकन्दरा,जमुई,811316
सिलहौड़ी,सिल्हौडी,करमा,सिकन्दरा,जमुई,811316
पूर्वी टोला,मानपुर,खरडीह,सिकन्दरा,जमुई,811316
पश्चिम टोला,मानपुर,खरडीह,सिकन्दरा,जमुई,811316
पूर्वी टोला,भट्टा,खरडीह,सिकन्दरा,जमुई,811316
पश्चिम टोला,भट्टा,खरडीह,सिकन्दरा,जमुई,811316
पश्चिम टोला,खरडीह,खरडीह,सिकन्दरा,जमुई,811316
पूर्वी टोला,खरडीह,खरडीह,सिकन्दरा,जमुई,811316
मुसहरी,खरडीह,खरडीह,सिकन्दरा,जमुई,811316
करमा,करमा,करमा,सिकन्दरा,जमुई,811316
कैथवारा,कैथवारा,करमा,सिकन्दरा,जमुई,811316
मिश्रा टोला,सिकन्दरा,सिकंदरा,सिकन्दरा,जमुई,811316
गांधी बाजार,सिकन्दरा,सिकंदरा,सिकन्दरा,जमुई,811316
फुलवारी बाजार,सिकन्दरा,सिकंदरा,सिकन्दरा,जमुई,811316
रामदेव चौक,सिकन्दरा,सिकंदरा,सिकन्दरा,जमुई,811316
दुर्गा स्थान मुसहरी टोला,सिकन्दरा,सिकंदरा,सिकन्दरा,जमुई,811316
चौधरी टोला रामदेव चौक,सिकन्दरा,सिकंदरा,सिकन्दरा,जमुई,811316
सिकन्दरा बाजार,सिकन्दरा,सिकंदरा,सिकन्दरा,जमुई,811316
सिकन्दरा लखीसराय रोड,सिकन्दरा,सिकंदरा,सिकन्दरा,जमुई,811316
सिमरतल्ला पूर्वी,सिकन्दरा,सिकंदरा,सिकन्दरा,जमुई,811316
सिमरतल्ला पश्चिम,सिकन्दरा,सिकंदरा,सिकन्दरा,जमुई,811316
सिकन्दरा नवादा रोड,सिकन्दरा,सिकंदरा,सिकन्दरा,जमुई,811316
बटौआ मुर,सिकन्दरा,सिकंदरा,सिकन्दरा,जमुई,811316
लहिला,सिकन्दरा,सिकंदरा,सिकन्दरा,जमुई,811316
चंद्रवंशी टोला,सिकन्दरा,सिकंदरा,सिकन्दरा,जमुई,811316
पूवी टोला,भुल्लो,सबलबीघा,सिकन्दरा,जमुई,811316
पश्चिम टोला,भुल्लो,सबलबीघा,सिकन्दरा,जमुई,811316
नवाब गंज,भुल्लो,सबलबीघा,सिकन्दरा,जमुई,811316
धनिमातरी,लछुआड़,लछआड़,सिकन्दरा,जमुई,811316
लछुआड्‌ टोला,लछुआड़,लछआड़,सिकन्दरा,जमुई,811316
करवलल्‍ला दक्षिण,लछुआड़,लछआड़,सिकन्दरा,जमुई,811316
लछुआड़्‌ उतरी टोला,लछुआड़,लछआड़,सिकन्दरा,जमुई,811316
खुटकट,खुटकट,सिकंदरा,सिकन्दरा,जमुई,811316
पूर्वी टोला,कृपारामडीह,सिकंदरा,सिकन्दरा,जमुई,811316
साही,कृपारामडीह,सिकंदरा,सिकन्दरा,जमुई,811316
पूर्वी टोला,गोखुला-फतेहपुर,सिकंदरा,सिकन्दरा,जमुई,811316
पश्चिमी टोला,गोखुला-फतेहपुर,सिकंदरा,सिकन्दरा,जमुई,811316
धरसंडा,गोखुला-फतेहपुर,सिकंदरा,सिकन्दरा,जमुई,811316
फतेहपुर,गोखुला-फतेहपुर,सिकंदरा,सिकन्दरा,जमुई,811316
मिश्रडीह,गोखुला-फतेहपुर,सिकंदरा,सिकन्दरा,जमुई,811316
नौआडीह,नौआडीह,रवैय,सिकन्दरा,जमुई,811316
जैनडीह,नौआडीह,रवैय,सिकन्दरा,जमुई,811316
गौहरनगर,गोखुला-फतेहपुर,सिकंदरा,सिकन्दरा,जमुई,811316
दक्षिण टोला,रवैय,रवैय,सिकन्दरा,जमुई,811316
टांड पर,रवैय,रवैय,सिकन्दरा,जमुई,811316
उतरी टोला,रवैय,रवैय,सिकन्दरा,जमुई,811316
रामनगर,रवैय,रवैय,सिकन्दरा,जमुई,811316
रामपुर,रवैय,रवैय,सिकन्दरा,जमुई,811316
मुसहरी,रवैय,रवैय,सिकन्दरा,जमुई,811316
कुरहाडीह,मथुरापुर,मथुरापुर,सिकन्दरा,जमुई,811316
पासवान टोला,मथुरापुर,मथुरापुर,सिकन्दरा,जमुई,811316
यादव टोला,मथुरापुर,मथुरापुर,सिकन्दरा,जमुई,811316
हरिहरपुर,मथुरापुर,मथुरापुर,सिकन्दरा,जमुई,811316
माधोपुर,मथुरापुर,मथुरापुर,सिकन्दरा,जमुई,811316
धावाटांड,मथुरापुर,मथुरापुर,सिकन्दरा,जमुई,811316
हरिहरपुर,मथुरापुर,मथुरापुर,सिकन्दरा,जमुई,811316
माधोपुर,मथुरापुर,मथुरापुर,सिकन्दरा,जमुई,811316
धावाटांड,मथुरापुर,मथुरापुर,सिकन्दरा,जमुई,811316
नवकाडीह,मथुरापुर,मथुरापुर,सिकन्दरा,जमुई,811316
पूर्वी टाला,सबलबीघा,सबलबीघा,सिकन्दरा,जमुई,811316
पश्चिमी तोला,सबलबीघा,सबलबीघा,सिकन्दरा,जमुई,811316
कोडासी,जगदीशपुर,बहरम्बा,सिकन्दरा,जमुई,811316
जानसीडीह,जगदीशपुर,बहरम्बा,सिकन्दरा,जमुई,811316
पूर्वी टोला,जगदीशपुर,बहरम्बा,सिकन्दरा,जमुई,811316
पूर्वी टोला,बहादुरपुर,बहरम्बा,सिकन्दरा,जमुई,811316
बसबुट्टी,बहादुरपुर,बहरम्बा,सिकन्दरा,जमुई,811316
पश्चिम टोला,बहादुरपुर,बहरम्बा,सिकन्दरा,जमुई,811316
बघमरिया,बहादुरपुर,बहरम्बा,सिकन्दरा,जमुई,811316
गुनहर पूर्वी टोला,बहरम्वा,बहरम्बा,सिकन्दरा,जमुई,811316
गुनहर पश्चिम तोला,बहरम्वा,बहरम्बा,सिकन्दरा,जमुई,811316
बहरम्बा,बहरम्वा,बहरम्बा,सिकन्दरा,जमुई,811316
मुबारकपुर,मुबारकपुर,बहरम्बा,सिकन्दरा,जमुई,811316
नीमा,मुबारकपुर,बहरम्बा,सिकन्दरा,जमुई,811316
दुबेडीह,बहादुरपुर,बहरम्बा,सिकन्दरा,जमुई,811316
रजपुरा,बहादुरपुर,बहरम्बा,सिकन्दरा,जमुई,811316
बाबूपुर,बहादुरपुर,बहरम्बा,सिकन्दरा,जमुई,811316
उत्तरी टोला,रघुनाथपुर,पतम्बर,सिकन्दरा,जमुई,811316
मुसहरी,रघुनाथपुर,पतम्बर,सिकन्दरा,जमुई,811316
पकरी टोला निचली जाजल,पतम्बर,पतम्बर,सिकन्दरा,जमुई,811316
पकरी टोला ऊपरी जाजल,पतम्बर,पतम्बर,सिकन्दरा,जमुई,811316
घुड़मुड़िआ,पतम्बर,पतम्बर,सिकन्दरा,जमुई,811316
पूर्वी भाग,केनुई,पतम्बर,सिकन्दरा,जमुई,811316
पश्चिम भाग,केनुई ,पतम्बर,सिकन्दरा,जमुई,811316
उतरी टोला,पतम्बर,पतम्बर,सिकन्दरा,जमुई,811316
दक्षिण टोला,पतम्बर,पतम्बर,सिकन्दरा,जमुई,811316
पतम्बर टोला मुसहरी पूर्वी,पतम्बर,पतम्बर,सिकन्दरा,जमुई,811316
रावत टोला,पतम्बर,पतम्बर,सिकन्दरा,जमुई,811316
ब्राम्हण टोला,पतम्बर,पतम्बर,सिकन्दरा,जमुई,811316
पूर्वी टोला,बिछवे,बिछवे,सिकन्दरा,जमुई,811316
पश्चिम टोला अंश,बिछवे,बिछवे,सिकन्दरा,जमुई,811316
भड़घड़ा,बिछवे,बिछवे,सिकन्दरा,जमुई,811316
हुसैनीगंज,सरसा,बिछवे,सिकन्दरा,जमुई,811316
पश्चिम टोला,सरसा,बिछवे,सिकन्दरा,जमुई,811316
खेवसर,सिझौड़ी,सिझौड़ी,सिकन्दरा,जमुई,811316
पूर्वी टोला,सिझौड़ी,सिझौड़ी,सिकन्दरा,जमुई,811316
पशिचम टोला,सिझौड़ी,सिझौड़ी,सिकन्दरा,जमुई,811316
बाली,सिझौड़ी,सिझौड़ी,सिकन्दरा,जमुई,811316
शारदाबाद,सिझौड़ी,सिझौड़ी,सिकन्दरा,जमुई,811316
पूर्वी टोला,टाल सहरसा,टाल सहरसा,सिकन्दरा,जमुई,811316
पश्चिम टोला,टाल सहरसा,टाल सहरसा,सिकन्दरा,जमुई,811316
जलैय दोस्तनी,जलैय दोस्तनी,सिझौड़ी,सिकन्दरा,जमुई,811316
गोरडीह,गोरडीह,सिझौड़ी,सिकन्दरा,जमुई,811316
बक्सनपुर,गोरडीह,सिझौड़ी,सिकन्दरा,जमुई,811316
रामपुर,घोष,मंजोष,सिकन्दरा,जमुई,811316
बेलीपुर,घोष,मंजोष,सिकन्दरा,जमुई,811316
वरूणा,मंजोष,मंजोष,सिकन्दरा,जमुई,811316
नारायणपुर,मंजोष,मंजोष,सिकन्दरा,जमुई,811316
पशिचमी टोला,मंजोष,मंजोष,सिकन्दरा,जमुई,811316
खैरा,मंजोष,मंजोष,सिकन्दरा,जमुई,811316
खोजडीह,मंजोष,मंजोष,सिकन्दरा,जमुई,811316
ढालो,मंजोष,मंजोष,सिकन्दरा,जमुई,811316
पूर्वी टोला,मंजोष,मंजोष,सिकन्दरा,जमुई,811316
पूर्वी टोला,कोनन,कोनन,सिकन्दरा,जमुई,811313
पश्चिम टोला,कोनन,कोनन,सिकन्दरा,जमुई,811313
भंडारी,भंडारी,कोनन,सिकन्दरा,जमुई,811313
यादव टोला,चारण,धधौर,सिकन्दरा,जमुई,811307
मंडल टोला,चारण,धधौर,सिकन्दरा,जमुई,811307
चंद्रवंशी टोला,चारण,धधौर,सिकन्दरा,जमुई,811307
रामसागर,ईटासागर,धधौर,सिकन्दरा,जमुई,811307
पूर्वी टोला,ईटासागर,धधौर,सिकन्दरा,जमुई,811307
पश्चिम टोला,ईटासागर,धधौर,सिकन्दरा,जमुई,811307
उत्तर टोला,ईटासागर,धधौर,सिकन्दरा,जमुई,811307
बाराबांध,ईटासागर,धधौर,सिकन्दरा,जमुई,811307
मुसहरी,ईटासागर,धधौर,सिकन्दरा,जमुई,811307
बलुआडीछ,ईटासागर,धधौर,सिकन्दरा,जमुई,811307
रविदास टोला,ईटासागर,धधौर,सिकन्दरा,जमुई,811307
दक्षिण टोला,ईटासागर,धधौर,सिकन्दरा,जमुई,811307
पूर्वी टोला,राण्हन,महादेव सिमरिया,सिकन्दरा,जमुई,811307
पश्चिम टोला,राण्हन,महादेव सिमरिया,सिकन्दरा,जमुई,811307
राजाडीह,राण्हन,महादेव सिमरिया,सिकन्दरा,जमुई,811307
रौशनडीह,महादेव सिमरिया,महादेव सिमरिया,सिकन्दरा,जमुई,811307
धनवे,धनवे,महादेव सिमरिया,सिकन्दरा,जमुई,811307
उतरी टोला,महादेव सिमरिया,महादेव सिमरिया,सिकन्दरा,जमुई,811307
तेली टोला,महादेव सिमरिया,महादेव सिमरिया,सिकन्दरा,जमुई,811307
महादेव सिमरिया बज़ार,महादेव सिमरिया,महादेव सिमरिया,सिकन्दरा,जमुई,811307
दक्षिणी टोला,महादेव सिमरिया,महादेव सिमरिया,सिकन्दरा,जमुई,811307
पूर्वी भाग,शिवडीह,पाठकचक,सिकन्दरा,जमुई,811307
मुसहरी,शिवडीह,पाठकचक,सिकन्दरा,जमुई,811307
बसैया,बसैया,पाठकचक,सिकन्दरा,जमुई,811307
पूर्वी टोला,मिरचा पाठकचक,पाठकचक,सिकन्दरा,जमुई,811307
दूठातर,मिरचा पाठकचक,पाठकचक,सिकन्दरा,जमुई,811307
कोड़ासी,मिरचा पाठकचक,पाठकचक,सिकन्दरा,जमुई,811307
पाठकचक पूर्वी,मिरचा पाठकचक,पाठकचक,सिकन्दरा,जमुई,811307
पाठकचक पश्चिमी,मिरचा पाठकचक,पाठकचक,सिकन्दरा,जमुई,811307
मिल्की,बरियारपुर,डमरकोला,खैरा,जमुई,811317
बरियारपुर,बरियारपुर,डमरकोला,खैरा,जमुई,811317
खडहुई,खड़हई,डमरकोला,खैरा,जमुई,811317
खड़हई खुर्द,खड़हई,डमरकोला,खैरा,जमुई,811317
प्यारेपुर,धर्मपुर,डमरकोला,खैरा,जमुई,811317
खास टोला,धर्मपुर,डमरकोला,खैरा,जमुई,811317
नया टोला,धर्मपुर,डमरकोला,खैरा,जमुई,811317
मुसहरी टोला,धर्मपुर,डमरकोला,खैरा,जमुई,811317
महापुर खुर्द,धर्मपुर,डमरकोला,खैरा,जमुई,811317
अमारी,अमारी,अमारी,खैरा,जमुई,811317
मांझी टोला,अमारी,अमारी,खैरा,जमुई,811317
रविदास टोला,अमारी,अमारी,खैरा,जमुई,811317
अमारी टोला टांड,अमारी,अमारी,खैरा,जमुई,811317
चेहलका,डुमरकोला,डमरकोला,खैरा,जमुई,811317
पुरब टोला,डुमरकोला,डमरकोला,खैरा,जमुई,811317
मांझी टोला,डुमरकोला,डमरकोला,खैरा,जमुई,811317
पश्चिम टोला,डुमरकोला,डमरकोला,खैरा,जमुई,811317
रविदास टोला,डुमरकोला,डमरकोला,खैरा,जमुई,811317
अनुसुचित जाति टोला,खैरा,खैरा,खैरा,जमुई,811317
उत्तरी बाजार,खैरा,खैरा,खैरा,जमुई,811317
सुरौंधा,सुरौधा,खैरा,खैरा,जमुई,811317
नोनियाटांड,सुरौधा,खैरा,खैरा,जमुई,811317
पूर्वी  टोला,खैरा,खैरा,खैरा,जमुई,811317
पश्चिम  टोला,खैरा,खैरा,खैरा,जमुई,811317
माली टोला,खैरा,खैरा,खैरा,जमुई,811317
पाण्डेय टोला,खैरा,खैरा,खैरा,जमुई,811317
रजक टोला,खैरा,खैरा,खैरा,जमुई,811317
पासवान टोला,खैरा,खैरा,खैरा,जमुई,811317
खैरा बाजार,खैरा,खैरा,खैरा,जमुई,811317
मांझी टोला,खैरा,खैरा,खैरा,जमुई,811317
मोदी टोला पूर्वी,खैरा,खैरा,खैरा,जमुई,811317
राजपूत टोला,खैरा,खैरा,खैरा,जमुई,811317
मोदी टोला पश्चिमी,खैरा,खैरा,खैरा,जमुई,811317
मिश्रा टोला,खैरा,खैरा,खैरा,जमुई,811317
पंडित टोला,खैरा,खैरा,खैरा,जमुई,811317
सिन्हा टोला,खैरा,खैरा,खैरा,जमुई,811317
नाई टोला,खैरा,खैरा,खैरा,जमुई,811317
तांती टोला,खैरा,खैरा,खैरा,जमुई,811317
रावत टोला,खैरा,खैरा,खैरा,जमुई,811317
दक्षिणी टोला,खैरा,खैरा,खैरा,जमुई,811317
पश्चिम टोला,खैरा,खैरा,खैरा,जमुई,811317
चरघरा टोला,खैरा,खैरा,खैरा,जमुई,811317
तिलकपुर,काश्मीर,खैरा,खैरा,जमुई,811317
टोला ढाव,काश्मीर,खैरा,खैरा,जमुई,811317
काश्मीर,काश्मीर,खैरा,खैरा,जमुई,811317
धटवारी टोला,काश्मीर,खैरा,खैरा,जमुई,811317
गोपालपुर,गोपालपुर,गोपालपुर,खैरा,जमुई,811317
साव टोला,गोपालपुर,गोपालपुर,खैरा,जमुई,811317
ताँती टोला,गोपालपुर,गोपालपुर,खैरा,जमुई,811317
मोदी टोला,गोपालपुर,गोपालपुर,खैरा,जमुई,811317
राजपुत टोला,गोपालपुर,गोपालपुर,खैरा,जमुई,811317
साव टोला,गोपालपुर,गोपालपुर,खैरा,जमुई,811317
ताती टोला परि्चि,गोपालपुर,गोपालपुर,खैरा,जमुई,811317
पासवान टोला,गोपालपुर,गोपालपुर,खैरा,जमुई,811317
रविदास टोला,गोपालपुर,गोपालपुर,खैरा,जमुई,811317
माँझी टोला,गोपालपुर,गोपालपुर,खैरा,जमुई,811317
कसबा गिधौर,गोपालपुर,गोपालपुर,खैरा,जमुई,811317
घनवेरिया,घनबेरिया,गोपालपुर,खैरा,जमुई,811317
राजपूत टोला,घनबेरिया,गोपालपुर,खैरा,जमुई,811317
वुलकी वथान,घनबेरिया,गोपालपुर,खैरा,जमुई,811317
चन्द्रपुरा,घनबेरिया,गोपालपुर,खैरा,जमुई,811317
चौहानडीह,घनबेरिया,गोपालपुर,खैरा,जमुई,811317
वाजपेडीह,घनबेरिया,गोपालपुर,खैरा,जमुई,811317
गोसाइडीह,घनबेरिया,गोपालपुर,खैरा,जमुई,811317
रमानी टोला,रायपुरा,गोपालपुर,खैरा,जमुई,811317
साव टोला,रायपुरा,गोपालपुर,खैरा,जमुई,811317
मिश्रा टोला,रायपुरा,गोपालपुर,खैरा,जमुई,811317
भूमिहार टोला,रायपुरा,गोपालपुर,खैरा,जमुई,811317
रावत टोला,रायपुरा,गोपालपुर,खैरा,जमुई,811317
यादव टोला,रायपुरा,गोपालपुर,खैरा,जमुई,811317
मिश्रा टोला,रायपुरा,गोपालपुर,खैरा,जमुई,811317
परसा,परसा,भौड,खैरा,जमुई,811317
हिडियाडीह बढ़ि'श्छन,भौड,भौड,खैरा,जमुई,811317
हडियाडीह रविदास ।,भौड,भौड,खैरा,जमुई,811317
हडियाडीह मांझी टोला,भौड,भौड,खैरा,जमुई,811317
पचरूखी टोला,भौड,भौड,खैरा,जमुई,811317
राजपुत टोला,भौड,भौड,खैरा,जमुई,811317
रावत टोला,भौड,भौड,खैरा,जमुई,811317
यादव टोला,भौड,भौड,खैरा,जमुई,811317
ताती टोला,भौड,भौड,खैरा,जमुई,811317
गौस्वामी टोला,भौड,भौड,खैरा,जमुई,811317
जलजोगा,बडीबाग,बडीबाग,खैरा,जमुई,811317
पिपराटांड टोला,बडीबाग,बडीबाग,खैरा,जमुई,811317
उपरैली पकरी,पकरी,भौड,खैरा,जमुई,811317
निचली पकरी,पकरी,भौड,खैरा,जमुई,811317
रावत टोला,चन्द्रशैली,खैरा,खैरा,जमुई,811317
मिस्ती टोला,चन्द्रशैली,खैरा,खैरा,जमुई,811317
बढई टोला,चन्द्रशैली,खैरा,खैरा,जमुई,811317
पासवान टोला,चन्द्रशैली,खैरा,खैरा,जमुई,811317
भेडियातरी,चन्द्रशैली,खैरा,खैरा,जमुई,811317
घटवारी,उमनतरी,खैरा,जमुई,811317
अंदर कुरवा टोला,उमनतरी,खैरा,खैरा,जमुई,811317
उमनतरी टोला,उमनतरी,खैरा,खैरा,जमुई,811317
यादव मुस्लिम टोला,देनगड़वा चौकीटांड़,खैरा,जमुई,811317
साव टोला,देनगड़वा चौकीटांड़,खैरा,खैरा,जमुई,811317
रविदार टोला,देनगड़वा चौकीटांड़,खैरा,खैरा,जमुई,811317
यादव टोला,बडाबांध,खैरा,खैरा,जमुई,811317
भूमिहार टोला,बडाबांध,खैरा,खैरा,जमुई,811317
रविदास टोला,बडाबांध,खैरा,खैरा,जमुई,811317
मोदी टोला,बडाबांध,खैरा,खैरा,जमुई,811317
गरेडी टोला,बडाबांध,खैरा,खैरा,जमुई,811317
मिमाईन,भिमाईन,खैरा,खैरा,जमुई,811317
नवकाडीह,भिमाईन,खैरा,खैरा,जमुई,811317
ठाकुर टोला,भिमाईन,खैरा,खैरा,जमुई,811317
पासवान टोला,भिमाईन,खैरा,खैरा,जमुई,811317
यादव टोला,भिमाईन,खैरा,खैरा,जमुई,811317
भोजपुर सिझुआटॉड़ ताँती,भोजपुर,खैरा,खैरा,जमुई,811317
यादव टोला,भोजपुर,खैरा,जमुई,811317
दयालडीह यादव टोला,भोजपुर,खैरा,जमुई,811317
कुरवा टोला,नीमनवादा,नीमनवादा,खैरा,जमुई,811317
तेलीयाडी टोला,नीमनवादा,नीमनवादा,खैरा,जमुई,811317
पठान टोला,नीमनवादा,नीमनवादा,खैरा,जमुई,811317
नीमनवादा,नीमनवादा,नीमनवादा,खैरा,जमुई,811317
गरवाडवार,नीमनवादा,नीमनवादा,खैरा,जमुई,811317
हथिया पत्थर,नीमनवादा,नीमनवादा,खैरा,जमुई,811317
जगरनाथडीह टोला,नीमनवादा,नीमनवादा,खैरा,जमुई,811317
पंचपहड़ी,नीमनवादा,नीमनवादा,खैरा,जमुई,811317
ओझवाडीह,नीमनवादा,नीमनवादा,खैरा,जमुई,811317
ओझवाडीह सौधरा,नीमनवादा,नीमनवादा,खैरा,जमुई,811317
भगरार,नीमनवादा,नीमनवादा,खैरा,जमुई,811317
घियातरी,नीमनवादा,नीमनवादा,खैरा,जमुई,811317
उपरैली मंझीयानी,नीमनवादा,नीमनवादा,खैरा,जमुई,811317
मंडियानी,नीमनवादा,नीमनवादा,खैरा,जमुई,811317
निचली मडियानी,नीमनवादा,नीमनवादा,खैरा,जमुई,811317
भलनी,नीमनवादा,नीमनवादा,खैरा,जमुई,811317
अमबातरी,नीमनवादा,नीमनवादा,खैरा,जमुई,811317
सुअरकोल,नीमनवादा,नीमनवादा,खैरा,जमुई,811317
पश्चिम टोला,फतेहपुर,बडीबाग,खैरा,जमुई,811317
दक्षिण टोला,फतेहपुर,बडीबाग,खैरा,जमुई,811317
मटिया टोला,फतेहपुर,बडीबाग,खैरा,जमुई,811317
मुस्लिम टोला,फतेहपुर,बडीबाग,खैरा,जमुई,811317
अनुसुचित जाति टोला,फतेहपुर,बडीबाग,खैरा,जमुई,811317
बिचली टोला,फतेहपुर,बडीबाग,खैरा,जमुई,811317
पंचभाईया टोला,फतेहपुर,बडीबाग,खैरा,जमुई,811317
टांड पर,फतेहपुर,बडीबाग,खैरा,जमुई,811317
लक्ष्मीपुर,फतेहपुर,बडीबाग,खैरा,जमुई,811317
केतारीबांक उत्तर,विशनपुर,गादी विशनपुर,खैरा,जमुई,811317
केतारीबांक दक्षिण,विशनपुर,गादी विशनपुर,खैरा,जमुई,811317
ललदैया,विशनपुर,गादी विशनपुर,खैरा,जमुई,811317
पनभरवा,विशनपुर,गादी विशनपुर,खैरा,जमुई,811317
तुरी टोला,विशनपुर,गादी विशनपुर,खैरा,जमुई,811317
कुरवाटांड पूर्वी,विशनपुर,गादी विशनपुर,खैरा,जमुई,811317
मांझी टोला,विशनपुर,गादी विशनपुर,खैरा,जमुई,811317
विशनपुर,विशनपुर,गादी विशनपुर,खैरा,जमुई,811317
कुरवाटांड पश्चिमी,विशनपुर,गादी विशनपुर,खैरा,जमुई,811317
ललदैया टोला,विशनपुर,गादी विशनपुर,खैरा,जमुई,811317
केन्दुआडीह टोला,विशनपुर,गादी विशनपुर,खैरा,जमुई,811317
पुरणी झीट्टी,पेसरा झिट्टी,बडीबाग,खैरा,जमुई,811317
पेसरा झिटटी,पेसरा झिट्टी,बडीबाग,खैरा,जमुई,811317
गरहवा,हरणी,खलारी,खैरा,जमुई,811317
हरणी उपरी भाग,हरणी,खलारी,खैरा,जमुई,811317
हरणी,हरणी,खलारी,खैरा,जमुई,811317
जनकपुरा,हरणी,खलारी,खैरा,जमुई,811317
केरवातरी,हरणी,खलारी,खैरा,जमुई,811317
जतहर,हरणी,खलारी,खैरा,जमुई,811317
अहराडीह,सकदरी,खलारी,खैरा,जमुई,811317
राडोडीह,सकदरी,खलारी,खैरा,जमुई,811317
सकदरी,सकदरी,खलारी,खैरा,जमुई,811317
ताराटांड,सकदरी,खलारी,खैरा,जमुई,811317
लंगाडीटांड,सकदरी,खलारी,खैरा,जमुई,811317
बरबाडीह,सकदरी,खलारी,खैरा,जमुई,811317
महेन्ग्रो,हडखार,गरही,खैरा,जमुई,811317
जिलींग टॉड़,हडखार,गरही,खैरा,जमुई,811317
दीपाकरहर,हडखार,गरही,खैरा,जमुई,811317
सलगाटांएं ड टोल,हडखार,गरही,खैरा,जमुई,811317
कोचलावाडी टोल,हडखार,गरही,खैरा,जमुई,811317
झीलार टोला,हडखार,गरही,खैरा,जमुई,811317
बरदौन टोला,हडखार,गरही,खैरा,जमुई,811317
वियाहीदाह,हडखार,गरही,खैरा,जमुई,811317
घस्को टॉड,हडखार,गरही,खैरा,जमुई,811317
रजला,हडखार,गरही,खैरा,जमुई,811317
सिरसिया,हडखार,गरही,खैरा,जमुई,811317
विचली हटा,हडखार,गरही,खैरा,जमुई,811317
नैयाडीह टोला,हडखार,गरही,खैरा,जमुई,811317
रोपावेल,हडखार,गरही,खैरा,जमुई,811317
भलुअणडी साव,हडखार,गरही,खैरा,जमुई,811317
भलुआही,हडखार,गरही,खैरा,जमुई,811317
प्रतापुर,हडखार,गरही,खैरा,जमुई,811317
कारीटांड टोला चननवर उ,हडखार,गरही,खैरा,जमुई,811317
कारीटांड टोला चननवर द,हडखार,गरही,खैरा,जमुई,811317
दरिमा,दरिमा,गादी विशनपुर,खैरा,जमुई,811317
करकटी,अरूणमाबांक,गादी विशनपुर,खैरा,जमुई,811317
आमाडीह,अरूणमाबांक,गादी विशनपुर,खैरा,जमुई,811317
बजराही टोला,अरूणमाबांक,गादी विशनपुर,खैरा,जमुई,811317
लुसीटांड,अरूणमाबांक,खलारी,खैरा,जमुई,811317
मोदी टोला,अरूणमाबांक,खलारी,खैरा,जमुई,811317
मुस्लिम टोला,अरूणमाबांक,खलारी,खैरा,जमुई,811317
नाई टोला,अरूणमाबांक,खलारी,खैरा,जमुई,811317
बुढ्धियाटांड पूर्व,सोखो,गरही,खैरा,जमुई,811317
लुसिटांड टोला,सोखो,गरही,खैरा,जमुई,811317
बुदियाटांड पश्चिम,सोखो,गरही,खैरा,जमुई,811317
धनवे,सोखो,गरही,खैरा,जमुई,811317
धनवे मुस्लिम टोला,सोखो,गरही,खैरा,जमुई,811317
हाडोडीह,सोखो,गरही,खैरा,जमुई,811317
केठेलुअणडीह,सोखो,गरही,खैरा,जमुई,811317
परासी,सोखो,गरही,खैरा,जमुई,811317
खोरवाटांड रविदास टोला,सोखो,गरही,खैरा,जमुई,811317
नौवाटॉड़,मैनीजोर,गादी विशनपुर,खैरा,जमुई,811317
चितरवार,मैनीजोर,गादी विशनपुर,खैरा,जमुई,811317
बजराही,मैनीजोर,गादी विशनपुर,खैरा,जमुई,811317
रंगेनिया,मैनीजोर,गादी विशनपुर,खैरा,जमुई,811317
ऊटापत्थर,मैनीजोर,गादी विशनपुर,खैरा,जमुई,811317
मैनीज़ोर,मैनीजोर,गादी विशनपुर,खैरा,जमुई,811317
बघंदर,मैनीजोर,गादी विशनपुर,खैरा,जमुई,811317
डुमरो,मैनीजोर,गादी विशनपुर,खैरा,जमुई,811317
नैयाडीह,मैनीजोर,गादी विशनपुर,खैरा,जमुई,811317
चितरवार नैयाडी,मैनीजोर,गादी विशनपुर,खैरा,जमुई,811317
घिपलाड़ी,मैनीजोर,गादी विशनपुर,खैरा,जमुई,811317
रंगनिया,मैनीजोर,गादी विशनपुर,खैरा,जमुई,811317
रविदास टोला,बोझायत,मुडवरो,खैरा,जमुई,811317
पिपराटांड,बोझायत,मुडवरो,खैरा,जमुई,811317
मुडवरों,बोझायत,मुडवरो,खैरा,जमुई,811317
बंगलाडीह,बोझायत,मुडवरो,खैरा,जमुई,811317
बरमसिया,बोझायत,मुडवरो,खैरा,जमुई,811317
मकरमानी,बोझायत,मुडवरो,खैरा,जमुई,811317
कपलो,बोझायत,मुडवरो,खैरा,जमुई,811317
गोली,बोझायत,मुडवरो,खैरा,जमुई,811317
गोडियारी,बोझायत,मुडवरो,खैरा,जमुई,811317
बदाही,बोझायत,मुडवरो,खैरा,जमुई,811317
कपलो,बोझायत,मुडवरो,खैरा,जमुई,811317
बरखुटिया,बोझायत,मुडवरो,खैरा,जमुई,811317
पिपराखांड,बोझायत,मुडवरो,खैरा,जमुई,811317
चेतुआडीह,बोझायत,मुडवरो,खैरा,जमुई,811317
पपरवातरी,रजौन,मुडवरो,खैरा,जमुई,811317
केन्दुआ टांड टोला,रजौन,मुडवरो,खैरा,जमुई,811317
सलैया कसैया,सलैया कसैया,मुडवरो,खैरा,जमुई,811317
सलैया कसैया परसा टांड,सलैया कसैया,मुडवरो,खैरा,जमुई,811317
बादिलडीह,बादिलडीह,गरही,खैरा,जमुई,811317
डुमरोज़ोर चिप्पाटॉड़,बादिलडीह,गरही,खैरा,जमुई,811317
जगतपुर,बादिलडीह,गरही,खैरा,जमुई,811317
गरही मिलनीटांड पूर्वी,गरही,गरही,खैरा,जमुई,811317
निमाटाँड़,गरही,गरही,खैरा,जमुई,811317
देवलाटॉड़,गरही,गरही,खैरा,जमुई,811317
अमकोली,गरही,गरही,खैरा,जमुई,811317
सितमाडीह,सितमाडीह,गरही,खैरा,जमुई,811317
हुसैन नगर बाराडीछ,सितमाडीह,गरही,खैरा,जमुई,811317
उपर टोला,सितमाडीह,गरही,खैरा,जमुई,811317
नीचे टोला,सितमाडीह,गरही,खैरा,जमुई,811317
इस्लामनगर टोला,सितमाडीह,गरही,खैरा,जमुई,811317
महुआटांड टोला,सितमाडीह,गरही,खैरा,जमुई,811317
बैदडीह टोला,गरही,गरही,खैरा,जमुई,811317
कटिया टोला,गरही,गरही,खैरा,जमुई,811317
गरही,गरही,गरही,खैरा,जमुई,811317
तेतरियाटांड,गरही,गरही,खैरा,जमुई,811317
हरिजन टोला,गरही,गरही,खैरा,जमुई,811317
मुस्लिम टोला,गरही,गरही,खैरा,जमुई,811317
मंझवे,मंझवे,मंझवे,जमुई,जमुई,811307
नवीनगर,नवीनगर,मंझवे,जमुई,जमुई,811307
डोमनपुरा,डोमनपुरा,मंझवे,जमुई,जमुई,811307
ताजपुर,नवीनगर,मंझवे,जमुई,जमुई,811307
छठुधनामा,छठुधनामा,काकन,जमुई,जमुई,811307
लखनधनामा,लखनघनामा,काकन,जमुई,जमुई,811307
काकन,काकन,काकन,जमुई,जमुई,811307
बेलदरिया,काकन,काकन,जमुई,जमुई,811307
बरहजाता,काकन,काकन,जमुई,जमुई,811307
लखापुर,लखापुर,काकन,जमुई,जमुई,811307
प्रतापुर,प्रतापपुर,ढंढ,जमुई,जमुई,811307
लखनपुर,लखनपुर,गोपालपुर,जमुई,जमुई,811317
मडवा,मड़वा,अमरथ,जमुई,जमुई,811307
सोनाय,सोनाय,अमरथ,जमुई,जमुई,811307
दिघोय,दिघोय,दौलतपुर,जमुई,जमुई,811313
राजपुरा,राजपुरा,दौलतपुर,जमुई,जमुई,811313
सिमेरिया,सिमरिया विक्रमपुर,दौलतपुर,जमुई,जमुई,811313
दौलतपुर,दौलतपुर,दौलतपुर,जमुई,जमुई,811313
नीमनवादा,नीमनवादा,मनियडडा,जमुई,जमुई,811307
मलिया,नीमनवादा,मनियडडा,जमुई,जमुई,811307
मनियड़्डा,मनियड्डा,मनियडडा,जमुई,जमुई,811307
भजौर,भजौर,मनियडडा,जमुई,जमुई,811307
मनियडडा,भजौर,मनियडडा,जमुई,जमुई,811307
मिसिर मनियड्डा,मिसिर मनियड्डा,मनियडडा,जमुई,जमुई,811307
अम्बा,अम्बा सरारी,मनियडडा,जमुई,जमुई,811307
सरारी,अम्बा सरारी,दौलतपुर,जमुई,जमुई,811313
संगथू,संगथू,अमरथ,जमुई,जमुई,811307
भगवना,भगवना,अमरथ,जमुई,जमुई,811307
अमरथ,अमरथ,अमरथ,जमुई,जमुई,811307
सुलतानपुर,अमरथ,अमरथ,जमुई,जमुई,811307
मिसिरबीघा,मिसिरबिघा,अमरथ,जमुई,जमुई,811307
बबुआडीह,मिसिरबिघा,अमरथ,जमुई,जमुई,811307
सिरानवादा,सिरानवादा,अमरथ,जमुई,जमुई,811307
अमरथ,सिरानवादा,अमरथ,जमुई,जमुई,811307
खडसारी,खडसारी,खडसारी,जमुई,जमुई,811307
प्यारेपुर मुसहरी,खडसारी,खडसारी,जमुई,जमुई,811307
सनकुरहा,कुन्दरी सनकुरहा,खडसारी,जमुई,जमुई,811307
बहराईन,कुन्दरी सनकुरहा,खडसारी,जमुई,जमुई,811307
कुनदरी,कुन्दरी सनकुरहा,खडसारी,जमुई,जमुई,811307
चन्दवारा,चंदवारा,खडसारी,जमुई,जमुई,811307
खडसारी,खडसारी,खडसारी,जमुई,जमुई,811307
खडसारी,खडसारी,खडसारी,जमुई,जमुई,811307
सीतारामपुर,खडसारी,खडसारी,जमुई,जमुई,811307
गंगटी,खडसारी,खडसारी,जमुई,जमुई,811307
रतनपुर,खडसारी,खडसारी,जमुई,जमुई,811307
गुरहैत,खडसारी,खडसारी,जमुई,जमुई,811307
महुर्गाँय,महँगाय,खडसारी,जमुई,जमुई,811307
गणेशनवादा,महँगाय,खडसारी,जमुई,जमुई,811307
हरला,कुन्दरी सनकुरहा,खडसारी,जमुई,जमुई,811307
लोहरा,लोहरा,लोहरा,जमुई,जमुई,811313
इस्लामनगर लोहरा,लोहरा,लोहरा,जमुई,जमुई,811313
छितमा,अचहरी,लोहरा,जमुई,जमुई,811313
अचहरी,अचहरी,लोहरा,जमुई,जमुई,811313
अडसार,अड्सार,अड्सार,जमुई,जमुई,811313
लोहरा,लोहरा,लोहरा,जमुई,जमुई,811313
अडसार,अड्सार,अड्सार,जमुई,जमुई,811313
पदमावत,पदमावत,ड्ण्डो,जमुई,जमुई,811307
आमीन,आमीन,ड्ण्डो,जमुई,जमुई,811307
इकेरिया,इकेरिया,ड्ण्डो,जमुई,जमुई,811307
चौडीहा,चौडीहा,ड्ण्डो,जमुई,जमुई,811307
ड्ण्डो,ड्ण्डो,ड्ण्डो,जमुई,जमुई,811307
नर्वदा,नर्वदा,ड्ण्डो,जमुई,जमुई,811307
पीरा,नर्वदा,ड्ण्डो,जमुई,जमुई,811307
अगहरा,अगहरा,अगहरा बरूअटटा,जमुई,जमुई,811313
बरूअट्टा,वरूअटटा,अगहरा बरूअटटा,जमुई,जमुई,811313
खडगौर,खडगौर,अगहरा बरूअटटा,जमुई,जमुई,811313
उगनीचक,खडगौर,अगहरा बरूअटटा,जमुई,जमुई,811313
पुतेरिया,पुतेरिया,अमरथ,जमुई,जमुई,811307
सहूर,पुतेरिया,अमरथ,जमुई,जमुई,811307
सिंहोचक,पुतेरिया,अमरथ,जमुई,जमुई,811307
लुखडी,लुखड़ी,अगहरा बरूअटटा,जमुई,जमुई,811313
अभयपुर,अभयपुर,अगहरा बरूअटटा,जमुई,जमुई,811313
खैरी रामपुर,खैरी,अगहरा बरूअटटा,जमुई,जमुई,811313
इन्दपे,इन्दपै,अमारी,जमुई,जमुई,811317
मरकट्टा,मरकट्टा,अमारी,जमुई,जमुई,811317
बोरार,मरकट्टा,अमारी,जमुई,जमुई,811317
उत्तरी टोला,खैरमा,जमुई,जमुई,811307
उत्तरी टोला,खैरमा,जमुई,जमुई,811307
रविदास टोला,खैरमा,जमुई,जमुई,811307
दक्षिणी टोला,खैरमा,जमुई,जमुई,811307
काली स्थान,उझंडी,जमुई,जमुई,811307
पासवान टोला,उझंडी,जमुई,जमुई,811307
पूर्वी टोला,उझंडी,जमुई,जमुई,811307
मंडल टोला,उझंडी,जमुई,जमुई,811307
मुसहर टोला,उझंडी,जमुई,जमुई,811307
दक्षिण टोला,उझंडी,जमुई,जमुई,811307
मध्य टोला,उझंडी,जमुई,जमुई,811307
रविदास टोला,उझंडी,जमुई,जमुई,811307
मुस्लिम टोला,उझंडी,जमुई,जमुई,811307
तिलकपुर,उझंडी,जमुई,जमुई,811307
उत्तर टोला,सतगामा,जमुई,जमुई,811307
दक्षिण टोला,सतगामा,जमुई,जमुई,811307
बिहारी,जमुई,जमुई,जमुई,811307
शास्त्री कॉलोनी,जमुई,जमुई,जमुई,811307
नया टोला बिहारी दक्षिण,जमुई,जमुई,जमुई,811307
शास्त्री कॉलोनी उत्तर भाग,जमुई,जमुई,जमुई,811307
नया टोला बिहारी पूर्वी,जमुई,जमुई,जमुई,811307
नया टोला बिहारी पश्चिम,जमुई,जमुई,जमुई,811307
सिरचन्द नवादा,जमुई,जमुई,जमुई,811307
हरनाहा,जमुई,जमुई,जमुई,811307
महिसौढी,जमुई,जमुई,जमुई,811307
महिसौढी मध्य,जमुई,जमुई,जमुई,811307
साहपुर,जमुई,जमुई,जमुई,811307
नारडीह,जमुई,जमुई,जमुई,811307
बिठलपुर,जमुई,जमुई,जमुई,811307
झखुआ,जमुई,अमारी,जमुई,811307
बिठलपुर,जमुई,अमारी,जमुई,811307
लगमा,जमुई,जमुई,जमुई,811307
जमूणिया टांड,जमुई,जमुई,जमुई,811307
लगमाटांड,जमुई,अगहरा बरूअटटा,जमुई,811307
लगमा,जमुई,अगहरा बरूअटटा,जमुई,811307
पुरानी बाजार जमुई दक्षिणी,जमुई,जमुई,जमुई,811307
पुरानी बाजार जमुई उत्तरी,जमुई,जमुई,जमुई,811307
पुरानी बाजार राजानगर,जमुई,जमुई,जमुई,811307
आजादनगर,जमुई,जमुई,जमुई,811307
महाराजगंज,जमुई,जमुई,जमुई,811307
क़ष्णपटटी,जमुई,जमुई,जमुई,811307
कल्याणपुर,जमुई,जमुई,जमुई,811307
भछियार दक्षिण भाग,जमुई,जमुई,जमुई,811307
पासवान टोला भछियार,जमुई,जमुई,जमुई,811307
पठान टोला भछियार,जमुई,जमुई,जमुई,811307
भछियार उत्तर भाग,जमुई,जमुई,जमुई,811307
भछियार पासवान टोला,जमुई,जमुई,जमुई,811307
भछियार पठान टोला,जमुई,जमुई,जमुई,811307
भछियार दक्षिण टोला,जमुई,जमुई,जमुई,811307
इस्लामनगर,जमुई,जमुई,जमुई,811307
भछियार दक्षिण,जमुई,जमुई,जमुई,811307
इस्लामनगर,जमुई,जमुई,जमुई,811307
नीमारंग अंसारी टोला,जमुई,जमुई,जमुई,811307
नीमारंग नगर टोला,जमुई,जमुई,जमुई,811307
नीमारंग अंसारी टोला,जमुई,जमुई,जमुई,811307
नीमारंग मध्य भाग,जमुई,जमुई,जमुई,811307
नीमारंग उत्तरी भाग यादव टोला,जमुई,जमुई,जमुई,811307
नीमारंग अंसारी टोला,जमुई,जमुई,जमुई,811307
नीमारंग दक्षिण टोला,जमुई,जमुई,जमुई,811307
नीमारंग पूर्वी टोला,जमुई,जमुई,जमुई,811307
लठाने,लठाने,सुग्गी,जमुई,जमुई,811307
सुग्गी,सुग्गी,सुग्गी,जमुई,जमुई,811307
थेगुआ,सुग्गी,सुग्गी,जमुई,जमुई,811307
विजुआही,बिजुआही,चौरा,जमुई,जमुई,811313
लोटन,लोटन,चौरा,जमुई,जमुई,811313
चौरा,हरनारायणपुर,चौरा,जमुई,जमुई,811313
हरनारायणपुर,हरनारायणपुर,चौरा,जमुई,जमुई,811313
ढेकडीह,ढेंकडीह,गरसन्डा,जमुई,जमुई,811307
गरसंडा,गरसन्डा,गरसन्डा,जमुई,जमुई,811307
गरसंडा,गरसन्डा,गरसन्डा,जमुई,जमुई,811307
दुखनाडीह,गरसन्डा,गरसन्डा,जमुई,जमुई,811307
नवकाडीह,गरसन्डा,गरसन्डा,जमुई,जमुई,811307
गोरवाजोत,गरसन्डा,बुकार,जमुई,जमुई,811307
गादी बुकार,गरसन्डा,बुकार,जमुई,जमुई,811307
बुकार,बुकार,बुकार,जमुई,जमुई,811307
नवकाडीह,बुकार,बुकार,जमुई,जमुई,811307
वालाडीह,सोनपै,सोनपै,जमुई,जमुई,811307
कनौलीटांड,सोनपै,सोनपै,जमुई,जमुई,811307
गौरवाजोत बुकार,सोनपै,सोनपै,जमुई,जमुई,811307
भलुका,भलुका,मलयपुर,बरहट,जमुई,811313
बांझीपियार,भलुका,मलयपुर,बरहट,जमुई,811313
कोडासी,भलुका,मलयपुर,बरहट,जमुई,811313
बोड़वाडीह,भलुका,मलयपुर,बरहट,जमुई,811313
परमिहा,भलुका,मलयपुर,बरहट,जमुई,811313
छपरघुटु,भलुका,मलयपुर,बरहट,जमुई,811313
भलुका,मलयपुर,बरहट,जमुई,811313
चोरमारा,चोरमारा,बरहट,बरहट,जमुई,811313
भोरभंडारी,चोरमारा,बरहट,बरहट,जमुई,811313
नारोकोल,चोरमारा,बरहट,बरहट,जमुई,811313
कारमेघ,चोरमारा,बरहट,बरहट,जमुई,811313
बेलाटांड्‌,चोरमारा,बरहट,बरहट,जमुई,811313
जमुनियांटाड,चोरमारा,बरहट,बरहट,जमुई,811313
परसातरी,चोरमारा,बरहट,बरहट,जमुई,811313
गुरमाहा,चोरमारा,बरहट,बरहट,जमुई,811313
महमदली,बरहट,बरहट,बरहट,जमुई,811313
बिरजुठीका,बरहट,बरहट,बरहट,जमुई,811313
सिमराटाड्‌,बरहट,बरहट,बरहट,जमुई,811313
सलैया,बरहट,बरहट,बरहट,जमुई,811313
ताराटांड्‌,बरहट,बरहट,बरहट,जमुई,811313
भरकहुआ,बरहट,बरहट,बरहट,जमुई,811313
तमकुलिया,बरहट,बरहट,बरहट,जमुई,811313
बरहट,बरहट,बरहट,बरहट,जमुई,811313
कदुआतरी,बरहट,बरहट,बरहट,जमुई,811313
भरकहुआ,बरहट,बरहट,बरहट,जमुई,811313
दौबटिया,बरहट,बरहट,बरहट,जमुई,811313
कुसौना,बरहट,बरहट,बरहट,जमुई,811313
सपहा,बरहट,बरहट,बरहट,जमुई,811313
घटवारी,बरहट,बरहट,बरहट,जमुई,811313
अगनुबथान,बरहट,बरहट,बरहट,जमुई,811313
पांडेयठीका,बरहट,बरहट,बरहट,जमुई,811313
कौयवा,बरहट,बरहट,बरहट,जमुई,811313
चिहोरना,बरहट,बरहट,बरहट,जमुई,811313
कौडासी,बरहट,बरहट,बरहट,जमुई,811313
करमन,बरियारपुर,मलयपुर,बरहट,जमुई,811313
बरियारपुर,बरियारपुर,मलयपुर,बरहट,जमुई,811313
देवाचक,बरियारपुर,मलयपुर,बरहट,जमुई,811313
बननूडीह,बरियारपुर,मलयपुर,बरहट,जमुई,811313
मोहनपुर,बरियारपुर,मलयपुर,बरहट,जमुई,811313
पतौना,पतौना,मलयपुर,बरहट,जमुई,811313
पतौना मुसहरी,पतौना,मलयपुर,बरहट,जमुई,811313
टेंगहारा उत्तर टोला,मलयपुर,मलयपुर,बरहट,जमुई,811313
टेंगहारा,मलयपुर,मलयपुर,बरहट,जमुई,811313
चौहानगढ,मलयपुर,मलयपुर,बरहट,जमुई,811313
नीमतर,मलयपुर,मलयपुर,बरहट,जमुई,811313
पूर्वी टोला,मलयपुर,मलयपुर,बरहट,जमुई,811313
मलयपुर,मलयपुर,मलयपुर,बरहट,जमुई,811313
बलवारे,मलयपुर,मलयपुर,बरहट,जमुई,811313
राठौर टोला,मलयपुर,मलयपुर,बरहट,जमुई,811313
तोमर टोला,मलयपुर,मलयपुर,बरहट,जमुई,811313
ठकुरीमाटी,मलयपुर,मलयपुर,बरहट,जमुई,811313
मलयपुर टस्ट कालनी,मलयपुर,मलयपुर,बरहट,जमुई,811313
बस्ती पर,मलयपुर,मलयपुर,बरहट,जमुई,811313
अछरा,अछरा,मलयपुर,बरहट,जमुई,811313
फुलवरिया,अछरा,मलयपुर,बरहट,जमुई,811313
फुलवरिया,फुलबरिया,मलयपुर,बरहट,जमुई,811313
नासरीचक,फुलबरिया,मलयपुर,बरहट,जमुई,811313
राजपुत टोला,कटौना,कटौना,बरहट,जमुई,811313
बिचला टौला,कटौना,कटौना,बरहट,जमुई,811313
मंडल टोला,कटौना,कटौना,बरहट,जमुई,811313
मुसहरी टोला,कटौना,कटौना,बरहट,जमुई,811313
गढवा कटौना,कटौना,कटौना,बरहट,जमुई,811313
बगीचा टोला,कटौना,कटौना,बरहट,जमुई,811313
कटका,कोल्हआ,कोल्हआ-पेंघी,बरहट,जमुई,811313
पचेश्वरी,कोल्हआ,कोल्हआ-पेंघी,बरहट,जमुई,811313
भरकहुआ,कोल्हआ,कोल्हआ-पेंघी,बरहट,जमुई,811313
नगदेवा,कोल्हआ,कोल्हआ-पेंघी,बरहट,जमुई,811313
मलयपुर,कोल्हआ,कोल्हआ-पेंघी,बरहट,जमुई,811313
केवाल,कोल्हआ,कोल्हआ-पेंघी,बरहट,जमुई,811313
पेंघी,कोल्हआ,कोल्हआ-पेंघी,बरहट,जमुई,811313
जावातरी,कोल्हआ,कोल्हआ-पेंघी,बरहट,जमुई,811313
नूमर,नूमर,नुमर,बरहट,जमुई,811313
खादीग्राम,नूमर,नुमर,बरहट,जमुई,811313
विजयनगर,नूमर,नुमर,बरहट,जमुई,811313
बखारी,नूमर,नुमर,बरहट,जमुई,811313
तरौना,नूमर,नुमर,बरहट,जमुई,811313
भोजहा,पाडो,मटिया,बरहट,जमुई,811312
चकचोटाहा,पाडो,मटिया,बरहट,जमुई,811312
एकटडवा,पाडो,मटिया,बरहट,जमुई,811312
ओरवालेव,पाडो,मटिया,बरहट,जमुई,811312
तेजाचक,पाडो,मटिया,बरहट,जमुई,811312
केडिया,पाडो,मटिया,बरहट,जमुई,811312
पाडो उत्तरी,पाडो,मटिया,बरहट,जमुई,811312
पाडो दक्षिणी,पाडो,मटिया,बरहट,जमुई,811312
मंडल टोला,पाडो,मटिया,बरहट,जमुई,811312
पैसराहा,बहिरा,खादीग्राम,बरहट,जमुई,811313
करमाटॉड,बहिरा,खादीग्राम,बरहट,जमुई,811313
कजियाजोर,बहिरा,खादीग्राम,बरहट,जमुई,811313
सुभाषपुरी,बहिरा,खादीग्राम,बरहट,जमुई,811313
भुदानपुरी,बहिरा,खादीग्राम,बरहट,जमुई,811313
भुरकुन्डा,बहिरा,खादीग्राम,बरहट,जमुई,811313
जमुआ,बहिरा,खादीग्राम,बरहट,जमुई,811313
खिलाहा,बहिरा,खादीग्राम,बरहट,जमुई,811313
बहिरा,बहिरा,मटिया,बरहट,जमुई,811312
विशनपुर,विशनपुर,मटिया,बरहट,जमुई,811312
पनपुरवा,लखैय,मटिया,बरहट,जमुई,811312
सुगवामहुआ,लखैय,मटिया,बरहट,जमुई,811312
लखैय,लखैय,मटिया,बरहट,जमुई,811312
पूर्णाडीह,लखैय,मटिया,बरहट,जमुई,811312
छहखुटवा,लखैय,मटिया,बरहट,जमुई,811312
यादव  टोला,लखैय,मटिया,बरहट,जमुई,811312
रविदास  टोला,लखैय,मटिया,बरहट,जमुई,811312
भंदरा,भन्दरा,नुमर,बरहट,जमुई,811313
लभेत,लभेत,नुमर,बरहट,जमुई,811313
लकरा,लकरा,मटिया,बरहट,जमुई,811312
बनगामा,बनगामा,खादीग्राम,बरहट,जमुई,811313
राजघाट,बनगामा,खादीग्राम,बरहट,जमुई,811313
रावत टोला लभेत,बनगामा,खादीग्राम,बरहट,जमुई,811313
सुदामापुर,डाढा,डाढा,बरहट,जमुई,811313
सुखलेवा,डाढा,डाढा,बरहट,जमुई,811313
उपरैली सुदामा,डाढा,डाढा,बरहट,जमुई,811313
नौवामारन,डाढा,डाढा,बरहट,जमुई,811313
डाढा,डाढा,डाढा,बरहट,जमुई,811313
धुनियामारन,डाढा,डाढा,बरहट,जमुई,811313
तेतरिया,डाढा,डाढा,बरहट,जमुई,811313
गुगुलडीह,गुगुलडीह,गुगुलडीह,बरहट,जमुई,811305
चन्दगशेरब,गुगुलडीह,गुगुलडीह,बरहट,जमुई,811305
मुस्लिम टोला,गुगुलडीह,गुगुलडीह,बरहट,जमुई,811305
राजपूत टोला,नवडीहा,खैरा,खैरा,जमुई,811317
गोसाई टोला,नवडीहा,खैरा,खैरा,जमुई,811317
मालवीय नगर,नवडीहा,खैरा,खैरा,जमुई,811317
साव टोला,नवडीहा,खैरा,खैरा,जमुई,811317
पूर्वी राजपूत टोला,सिंगारपुर,खैरा,खैरा,जमुई,811317
पश्चिमी कानू टोला,सिंगारपुर,खैरा,खैरा,जमुई,811317
राजपूत कानू  टोला,सिंगारपुर,खैरा,खैरा,जमुई,811317
यादव टोला,सिंगारपुर,खैरा,खैरा,जमुई,811317
मुसहर टोला,सिंगारपुर,खैरा,खैरा,जमुई,811317
उपरी टोला,बल्लोपुर,खैरा,खैरा,जमुई,811317
निचली टोला,बल्लोपुर,खैरा,खैरा,जमुई,811317
उपरी मुसहरी,बल्लोपुर,खैरा,खैरा,जमुई,811317
निचली मुसहरी,बल्लोपुर,खैरा,खैरा,जमुई,811317
मांझी टोला,केनडीह,खैरा,खैरा,जमुई,811317
राजपूत टोला,केनडीह,खैरा,खैरा,जमुई,811317
मोदी टोला,केनडीह,खैरा,खैरा,जमुई,811317
मंडल टोला,केनडीह,खैरा,खैरा,जमुई,811317
पासवान  टोला,केनडीह,खैरा,खैरा,जमुई,811317
तांती टोला,केनडीह,खैरा,खैरा,जमुई,811317
नाई  टोला,केनडीह,खैरा,खैरा,जमुई,811317
मुस्लिम  टोला,केनडीह,खैरा,खैरा,जमुई,811317
नरियाना गांव,नरियाना,नैयाडीह,खैरा,जमुई,811314
नरियाना अहरापर,नरियाना,नैयाडीह,खैरा,जमुई,811314
मंडल टोला,तरीदाबिल,दाबिल,खैरा,जमुई,811305
टांडपर,तरीदाबिल,दाबिल,खैरा,जमुई,811305
यादव टोला,तरीदाबिल,दाबिल,खैरा,जमुई,811305
दाबिल,दाबिल,दाबिल,खैरा,जमुई,811305
मुसहर टौला,दाबिल,दाबिल,खैरा,जमुई,811305
मुस्लिम टोला,दाबिल,दाबिल,खैरा,जमुई,811305
गढ़दाबिल,दाबिल,दाबिल,खैरा,जमुई,811305
कहार टोला,दाबिल,दाबिल,खैरा,जमुई,811305
भूमिहार टोला,दाबिल,दाबिल,खैरा,जमुई,811305
चांगोडीह,चांगोडीह,चांगोडीह,खैरा,जमुई,811305
हरिहरपुर,चांगोडीह,चांगोडीह,खैरा,जमुई,811305
शीतलपुर,चांगोडीह,चांगोडीह,खैरा,जमुई,811305
मांझी टोला,कहरडीह,चांगोडीह,खैरा,जमुई,811305
पांडे टोला,कहरडीह,चांगोडीह,खैरा,जमुई,811305
कास्य टौला,कहरडीह,चांगोडीह,खैरा,जमुई,811305
भूमिहार टोला,कहरडीह,चांगोडीह,खैरा,जमुई,811305
पुरबी टोला,चांचो,नरियाना,खैरा,जमुई,811317
मुसहर टौला,चांचो,नरियाना,खैरा,जमुई,811317
उत्तर टोला,चांचो,नरियाना,खैरा,जमुई,811317
पश्चिम टोला,बानपुर,बानपुर,खैरा,जमुई,811305
खान टोला,बानपुर,बानपुर,खैरा,जमुई,811305
अंसारी टोला,बानपुर,बानपुर,खैरा,जमुई,811305
खान टौला,बानपुर,बानपुर,खैरा,जमुई,811305
मांझी टोला,बानपुर,बानपुर,खैरा,जमुई,811305
अंसारी टोला,बानपुर,बानपुर,खैरा,जमुई,811305
खान टौला,बानपुर,बानपुर,खैरा,जमुई,811305
अंसारी टोला,बानपुर,बानपुर,खैरा,जमुई,811305
पश्चिम टोला,बानपुर,बानपुर,खैरा,जमुई,811305
पूर्वी भाग,बानपुर,बानपुर,खैरा,जमुई,811305
जोगाइिंगोई,जोगाइिंगोई,जोगाइिंगोई,खैरा,जमुई,811317
सिंगारीटांड,जोगाइिंगोई,जोगाइिंगोई,खैरा,जमुई,811317
निजुअरा,निजुआरा,मौरा,खैरा,जमुई,811305
हर्दीमोह पश्चिम टोला ,निजुआरा,प्रधानचक,खैरा,जमुई,811317
हरदीमोह,हरदीमोह,प्रधानचक,खैरा,जमुई,811317
मंगाहमड़हर,हरदीमोह,प्रधानचक,खैरा,जमुई,811317
चौखटिया,हरदीमोह,प्रधानचक,खैरा,जमुई,811317
मुस्लिम टोला,जितझिन्गोई,जितझिन्गोई,खैरा,जमुई,811317
यादव टोला,जितझिन्गोई,जितझिन्गोई,खैरा,जमुई,811317
रविदास टोला,जितझिन्गोई,जितझिन्गोई,खैरा,जमुई,811317
भूमिहार टोला,जितझिन्गोई,जितझिन्गोई,खैरा,जमुई,811317
जितझिन्गोई,जितझिन्गोई,जितझिन्गोई,खैरा,जमुई,811317
सरसा टोला,जितझिन्गोई,जितझिन्गोई,खैरा,जमुई,811317
पश्चिम टोला,जितझिन्गोई,प्रधानचक,खैरा,जमुई,811317
पूर्वी टोला,जितझिन्गोई,प्रधानचक,खैरा,जमुई,811317
बाघाखांड,बाघाखांड,प्रधानचक,खैरा,जमुई,811317
तीलेर टोला,मांगोबंदर,मांगोबंदर,खैरा,जमुई,811305
पूर्णा मांगों टोला,मांगोबंदर,मांगोबंदर,खैरा,जमुई,811305
पूर्णा मांगों राजपूत टोला,मांगोबंदर,मांगोबंदर,खैरा,जमुई,811305
अमेठियाटांड,मांगोबंदर,खैरा,जमुई,811305
गम्हरिया,मांगोबंदर,खैरा,जमुई,811305
पण्डे टोला,मांगोबंदर,मांगोबंदर,खैरा,जमुई,811305
मांगा मरहर टोला,मांगोबंदर,मांगोबंदर,खैरा,जमुई,811305
मंगोबन्दर बाजार,मांगोबंदर,मांगोबंदर,खैरा,जमुई,811305
कुममन मुसहरी,मांगोबंदर,मांगोबंदर,खैरा,जमुई,811305
पूर्वी टोला,मांगोबंदर,मांगोबंदर,खैरा,जमुई,811305
पश्चिमी टोला,मांगोबंदर,मांगोबंदर,खैरा,जमुई,811305
राजपूत टोला,मांगोबंदर,मांगोबंदर,खैरा,जमुई,811305
रविदास टोला,मांगोबंदर,मांगोबंदर,खैरा,जमुई,811305
मांझी टोला,मांगोबंदर,मांगोबंदर,खैरा,जमुई,811305
सुन्दरडीह,मांगोबंदर,मांगोबंदर,खैरा,जमुई,811305
दानरसिंहडीह,मांगोबंदर,मांगोबंदर,खैरा,जमुई,811305
डुमरीयाटांड,डमरियाटांड,खडाईंच,खैरा,जमुई,811317
जरगोहा,डमरियाटांड,खडाईंच,खैरा,जमुई,811317
सितलपुरा,डमरियाटांड,खडाईंच,खैरा,जमुई,811317
यादव टोला,खडाईंच,खडाईंच,खैरा,जमुई,811317
गरगौर,खडाईंच,खडाईंच,खैरा,जमुई,811317
गुरुपुर,खडाईंच,खडाईंच,खैरा,जमुई,811317
नवकाडीह,खडाईंच,खडाईंच,खैरा,जमुई,811317
लालपुर,खडाईंच,खडाईंच,खैरा,जमुई,811317
लालपुर जमनीपुर,खडाईंच,खडाईंच,खैरा,जमुई,811317
लालपुर सखीकूड़ा,खडाईंच,खडाईंच,खैरा,जमुई,811317
लालपुर गडगोई,खडाईंच,खडाईंच,खैरा,जमुई,811317
पूर्वी भाग,खडाईंच,खडाईंच,खैरा,जमुई,811317
सिमरा,खडाईंच,खडाईंच,खैरा,जमुई,811317
बौधी ठीका,खडाईंच,खडाईंच,खैरा,जमुई,811317
डैनी खाड़,खडाईंच,खडाईंच,खैरा,जमुई,811317
पैठानठीका,खडाईंच,खडाईंच,खैरा,जमुई,811317
पंचरुखी टोला,खडाईंच,खडाईंच,खैरा,जमुई,811317
उत्तरी टोला,खडाईंच,खडाईंच,खैरा,जमुई,811317
पशिचमी टोला,खडाईंच,खडाईंच,खैरा,जमुई,811317
दक्षिण टोला,खडाईंच,खडाईंच,खैरा,जमुई,811317
कैराकादों हरीजन टोला,कैराकादों,खडाईंच,खैरा,जमुई,811317
कैराकादों,कैराकादों,खडाईंच,खैरा,जमुई,811317
कैराकादी,कैराकादों,मांगोबंदर,खैरा,जमुई,811305
चिहूंटिया रोड उत्तरी टोला,चिहटिया,खडाईंच,खैरा,जमुई,811317
चिहूंटिया रोड दक्षिणी टोल,चिहटिया,खडाईंच,खैरा,जमुई,811317
राजपुत टौला,सगदाहा,नरियाना,खैरा,जमुई,811317
हरीजन टोला,सगदाहा,नरियाना,खैरा,जमुई,811317
पासवान टोला,सगदाहा,नरियाना,खैरा,जमुई,811317
मंडल टोला,सगदाहा,नरियाना,खैरा,जमुई,811317
राजपुत टौला,सगदाहा,नरियाना,खैरा,जमुई,811317
हरीजन टोला,सगदाहा,नरियाना,खैरा,जमुई,811317
पासवान टोला,सगदाहा,नरियाना,खैरा,जमुई,811317
मंडल टोला,सगदाहा,नरियाना,खैरा,जमुई,811317
भंडराडीह टोला,भंडरा,नैयाडीह,खैरा,जमुई,811314
राजपुत टोला,भंडरा,नैयाडीह,खैरा,जमुई,811314
मांझी टोला,भंडरा,नैयाडीह,खैरा,जमुई,811314
पंचरूखी टोला,भंडरा,नैयाडीह,खैरा,जमुई,811314
बेला राजपुत टोला,बेला,नैयाडीह,खैरा,जमुई,811314
बेठेला यादव टौला पूर्वी,बेला,नैयाडीह,खैरा,जमुई,811314
बेला मांझी टोला,बेला,नैयाडीह,खैरा,जमुई,811314
बेला यादव टौला प्शटि/चर्म,बेला,नैयाडीह,खैरा,जमुई,811314
मानपुर टोला,बेला,नैयाडीह,खैरा,जमुई,811314
मानपुर तेतरिया टोला,बेला,नैयाडीह,खैरा,जमुई,811314
मानपुर हरपेन्ठी टोला,बेला,नैयाडीह,खैरा,जमुई,811314
मुस्लिम टोला,केवाल फरियत्ता,केवाल,खैरा,जमुई,811305
केवाल फरियता,केवाल फरियत्ता,केवाल,खैरा,जमुई,811305
मंडल टोला,चूआँ,चूआँ,खैरा,जमुई,811305
गादी टोला,चूआँ,चूआँ,खैरा,जमुई,811305
चुनकातरी,चूआँ,चूआँ,खैरा,जमुई,811305
तुरी टोला,चूआँ,चूआँ,खैरा,जमुई,811305
मिश्रा टोला,चूआँ,चूआँ,खैरा,जमुई,811305
मांझी टोला,चूआँ,चूआँ,खैरा,जमुई,811305
बढई टोला,चूआँ,चूआँ,खैरा,जमुई,811305
पासवान टौला,चूआँ,चूआँ,खैरा,जमुई,811305
रावत टोला,चूआँ,चूआँ,खैरा,जमुई,811305
ठाकुर टोला,चूआँ,चूआँ,खैरा,जमुई,811305
गंगटी,चूआँ,चूआँ,खैरा,जमुई,811305
चिल्ही,चूआँ,चूआँ,खैरा,जमुई,811305
विशनपुर,चूआँ,चूआँ,खैरा,जमुई,811305
जितआडीह,झुण्डो,झण्डो,खैरा,जमुई,811314
कैलाश पुरी साव टोला,झुण्डो,झण्डो,खैरा,जमुई,811314
अमरवा मुसहरी,झुण्डो,झण्डो,खैरा,जमुई,811314
अमरवा यादव टोला,झुण्डो,झण्डो,खैरा,जमुई,811314
ककड़ाहा पर,झुण्डो,झण्डो,खैरा,जमुई,811314
दूबे रावत टोला,झुण्डो,झण्डो,खैरा,जमुई,811314
मध्य टोला ,झुण्डो,झण्डो,खैरा,जमुई,811314
मोदी बढंई टोला ,झुण्डो,झण्डो,खैरा,जमुई,811314
बढंई टोला ,झुण्डो,झण्डो,खैरा,जमुई,811314
बाघमारा ,झुण्डो,झण्डो,खैरा,जमुई,811314
मंडल टोला ,झुण्डो,झण्डो,खैरा,जमुई,811314
भूमिहार टोल,झुण्डो,झण्डो,खैरा,जमुई,811314
पाण्डेय टोल,झुण्डो,झण्डो,खैरा,जमुई,811314
देवपुर,झुण्डो,केवाल,खैरा,जमुई,811305
निचली कागेश्वर,कोगेश्वर,चूआँ,खैरा,जमुई,811305
उपरी कागेश्वर,कोगेश्वर,चूआँ,खैरा,जमुई,811305
ब्रहमण टौला,दिनारी,खैरा,खैरा,जमुई,811305
राजपुत टोला,दिनारी,खैरा,खैरा,जमुई,811305
निचली टिहिया,टिहिया,खैरा,खैरा,जमुई,811305
उपरी टिहिया,टिहिया,खैरा,खैरा,जमुई,811305
मुसहर टोला टिहिया,टिहिया,खैरा,खैरा,जमुई,811305
तेतरीया टोला,केन्दुआ,खैरा,खैरा,जमुई,811305
तुरी टोला,केन्दुआ,खैरा,खैरा,जमुई,811305
फकीर टोला,केन्दुआ,खैरा,खैरा,जमुई,811305
मुसहरी टोला,केन्दुआ,खैरा,खैरा,जमुई,811305
केन्दुआ मंडल टोला,केन्दुआ,खैरा,खैरा,जमुई,811305
केन्दुआ लाला टोला,केन्दुआ,खैरा,खैरा,जमुई,811305
तेली टोला,देहरीडीह,सोनो,खैरा,जमुई,811314
दुबे टोला,देहरीडीह,सोनो,खैरा,जमुई,811314
मिया टोला,देहरीडीह,सोनो,खैरा,जमुई,811314
बढई टोला कोडवाडीह,देहरीडीह,सोनो,खैरा,जमुई,811314
धोबी टोला कोडवाडीह,देहरीडीह,सोनो,खैरा,जमुई,811314
कुमार टोला कोडवाडीह,देहरीडीह,सोनो,खैरा,जमुई,811314
तांती टोला कोडवाडीह,देहरीडीह,सोनो,खैरा,जमुई,811314
मंझगाँय कोदवारी,मंझगांय,मौरा,खैरा,जमुई,811305
रविदास टौला,मंझगांय,मौरा,खैरा,जमुई,811305
राजपुत टौला,मंझगांय,मौरा,खैरा,जमुई,811305
भेडिया,मंझगांय,मौरा,खैरा,जमुई,811305
कागेश्वर मंडल टोला शोभा,कोगेश्वर,चूआँ,खैरा,जमुई,811305
कागेश्वर मांझी टोला,कोगेश्वर,चूआँ,खैरा,जमुई,811305
मटिया बाजार,मटिया,मटिया,लक्ष्मीपुर,जमुई,811312
मटिया,मटिया,मटिया,लक्ष्मीपुर,जमुई,811312
सलोन,मटिया,मटिया,लक्ष्मीपुर,जमुई,811312
बेला,मटिया,मटिया,लक्ष्मीपुर,जमुई,811312
खिरिया,मटिया,मटिया,लक्ष्मीपुर,जमुई,811312
मोहनपुर,मोहनपुर,मटिया,लक्ष्मीपुर,जमुई,811312
केनुहट,केनृहट,आनंदपूर,लक्ष्मीपुर,जमुई,811312
धानुक टोला,केनृहट,आनंदपूर,लक्ष्मीपुर,जमुई,811312
मांझी टोला,केनृहट,आनंदपूर,लक्ष्मीपुर,जमुई,811312
कहार टोला,केनृहट,आनंदपूर,लक्ष्मीपुर,जमुई,811312
पूर्वी टोला,आनंदपुर,आनंदपूर,लक्ष्मीपुर,जमुई,811312
पश्चिम टोला,आनंदपुर,आनंदपूर,लक्ष्मीपुर,जमुई,811312
आनन्दपुर,आनंदपुर,आनंदपूर,लक्ष्मीपुर,जमुई,811312
बसमता,आनंदपुर,आनंदपूर,लक्ष्मीपुर,जमुई,811312
खिरभोजना,आनंदपुर,लक्ष्मीपूर,लक्ष्मीपुर,जमुई,811312
लतेहरा,आनंदपुर,लक्ष्मीपूर,लक्ष्मीपुर,जमुई,811312
दुबरातरी,आनंदपुर,लक्ष्मीपूर,लक्ष्मीपुर,जमुई,811312
साकल,नजारी,लक्ष्मीपूर,लक्ष्मीपुर,जमुई,811312
योगिया,नजारी,लक्ष्मीपूर,लक्ष्मीपुर,जमुई,811312
तेतरिया,नजारी,लक्ष्मीपूर,लक्ष्मीपुर,जमुई,811312
कुशितरी,नजारी,लक्ष्मीपूर,लक्ष्मीपुर,जमुई,811312
धमंकुंडा,नजारी,लक्ष्मीपूर,लक्ष्मीपुर,जमुई,811312
नौडीहा,नजारी,लक्ष्मीपूर,लक्ष्मीपुर,जमुई,811312
कुशितरी,नजारी,लक्ष्मीपूर,लक्ष्मीपुर,जमुई,811312
पूर्वी टोला,नजारी,लक्ष्मीपूर,लक्ष्मीपुर,जमुई,811312
पश्चिमी टोला,नजारी,लक्ष्मीपूर,लक्ष्मीपुर,जमुई,811312
नजारी,नजारी,लक्ष्मीपूर,लक्ष्मीपुर,जमुई,811312
तेंगहारा,नजारी,लक्ष्मीपूर,लक्ष्मीपुर,जमुई,811312
सनखपरी,नजारी,लक्ष्मीपूर,लक्ष्मीपुर,जमुई,811312
लक्ष्मीपुर,नजारी,लक्ष्मीपूर,लक्ष्मीपुर,जमुई,811312
हरमापहाड़ी,नजारी,लक्ष्मीपूर,लक्ष्मीपुर,जमुई,811312
रामपुर,हरला,लक्ष्मीपूर,लक्ष्मीपुर,जमुई,811312
महता,हरला,लक्ष्मीपूर,लक्ष्मीपुर,जमुई,811312
दर ,हरला,लक्ष्मीपूर,लक्ष्मीपुर,जमुई,811312
हरला,हरला,लक्ष्मीपूर,लक्ष्मीपुर,जमुई,811312
मसले,मसले,लक्ष्मीपूर,लक्ष्मीपुर,जमुई,811312
डोमाचक,डोमाचक,लक्ष्मीपूर,लक्ष्मीपुर,जमुई,811312
गोडडी,गोडडी,लक्ष्मीपूर,लक्ष्मीपुर,जमुई,811312
बंगरडीह,बंगरडीह,लक्ष्मीपूर,लक्ष्मीपुर,जमुई,811312
दोनहा,बंगरडीह,लक्ष्मीपूर,लक्ष्मीपुर,जमुई,811312
पनौट,पनौत,काला,लक्ष्मीपुर,जमुई,811312
मेदनीपुर,पनौत,काला,लक्ष्मीपुर,जमुई,811312
दिघरा,गौरा,गौरा,लक्ष्मीपुर,जमुई,811312
गौरा,गौरा,गौरा,लक्ष्मीपुर,जमुई,811312
दिघरा पश्चिम,गौरा,लक्ष्मीपूर,लक्ष्मीपुर,जमुई,811312
दिघरा पश्चिम,गौरा,गौरा,लक्ष्मीपुर,जमुई,811312
तलझारी,गौरा,गौरा,लक्ष्मीपुर,जमुई,811312
भूनिमहडर,गौरा,गौरा,लक्ष्मीपुर,जमुई,811312
मोगलवा,गौरा,गौरा,लक्ष्मीपुर,जमुई,811312
गौर टोला पहडीतर,गौरा,गौरा,लक्ष्मीपुर,जमुई,811312
हथियावर,गौरा,गौरा,लक्ष्मीपुर,जमुई,811312
पोस्तहिया,गौरा,गौरा,लक्ष्मीपुर,जमुई,811312
गौर टोला घोरपारण,गौरा,अड़वड़िया,लक्ष्मीपुर,जमुई,811312
रविदास टोला,चिनबेरिया,अड़वड़िया,लक्ष्मीपुर,जमुई,811312
चिनवेरिया,चिनबेरिया,अड़वड़िया,लक्ष्मीपुर,जमुई,811312
सिंघिया,चिनबेरिया,गौरा,लक्ष्मीपुर,जमुई,811312
मडेया बथान,चिनबेरिया,गौरा,लक्ष्मीपुर,जमुई,811312
चिनवेरिया,चिनबेरिया,गौरा,लक्ष्मीपुर,जमुई,811312
महुआगढ़,मडैया,गौरा,लक्ष्मीपुर,जमुई,811312
पथलाघट्टा,मडैया,गौरा,लक्ष्मीपुर,जमुई,811312
करहरिया,मडैया,गौरा,लक्ष्मीपुर,जमुई,811312
बघमरवा,मडैया,गौरा,लक्ष्मीपुर,जमुई,811312
कर्णपुर टोला हिराम्भा,कर्णपुर,गौरा,लक्ष्मीपुर,जमुई,811312
बेला,मडैया,गौरा,लक्ष्मीपुर,जमुई,811312
मडैया,मडैया,गौरा,लक्ष्मीपुर,जमुई,811312
ओझाडीह टोला हारचक,मडैया,गौरा,लक्ष्मीपुर,जमुई,811312
धरवा,नन्हकार,गौरा,लक्ष्मीपुर,जमुई,811312
नन्हाकार,नन्हकार,गौरा,लक्ष्मीपुर,जमुई,811312
नवकाडीह,नवकाडीह,गौरा,लक्ष्मीपुर,जमुई,811312
कर्णपुर,कर्णपुर,काला,लक्ष्मीपुर,जमुई,811312
काला,काला,काला,लक्ष्मीपुर,जमुई,811312
नारायणपुर,काला,काला,लक्ष्मीपुर,जमुई,811312
जिनहारा,जिन्हारा,काला,लक्ष्मीपुर,जमुई,811312
असौता,जिन्हारा,काला,लक्ष्मीपुर,जमुई,811312
भलुआ,जिन्हारा,काला,लक्ष्मीपुर,जमुई,811312
विशनपुर,विसनपुर,काला .,लक्ष्मीपुर,जमुई,811312
ओझाडीह,ओझाडीह,काला,लक्ष्मीपुर,जमुई,811312
हाराचक,ओझाडीह,काला,लक्ष्मीपुर,जमुई,811312
पिडरौन,पिडरौन,काला,लक्ष्मीपुर,जमुई,811312
लत्ता,ल्त्ता,तेलियाडीह,लक्ष्मीपुर,जमुई,811312
ठाड़ी,ठाढी,तेलियाडीह,लक्ष्मीपुर,जमुई,811312
अलगजारा,ठाढी,तेलियाडीह,लक्ष्मीपुर,जमुई,811312
बरमनिया,बरमनिया,दिग्घी,लक्ष्मीपुर,जमुई,811312
कसबा,दिग्घी,दिग्घी,लक्ष्मीपुर,जमुई,811312
बेला टाड,दिग्घी,दिग्घी,लक्ष्मीपुर,जमुई,811312
सबलपुर,सबलपुर,दिग्घी,लक्ष्मीपुर,जमुई,811312
प्रेमाडीह,सबलपुर,दिग्घी,लक्ष्मीपुर,जमुई,811312
तेलियाडीह,तेलियाडीह,तेलियाडीह,लक्ष्मीपुर,जमुई,811312
हरलावर,तेलियाडीह,तेलियाडीह,लक्ष्मीपुर,जमुई,811312
कमलु,कमल,दिग्घी,लक्ष्मीपुर,जमुई,811312
सुखासन,सुखासन,दिग्घी,लक्ष्मीपुर,जमुई,811312
तेतरिया,सुखासन,दिग्घी,लक्ष्मीपुर,जमुई,811312
ककनचोर,ककनचौर,दिग्घी,लक्ष्मीपुर,जमुई,811312
बघमा,ककनचौर,दिग्घी,लक्ष्मीपुर,जमुई,811312
हदहदिया,ककनचौर,दिग्घी,लक्ष्मीपुर,जमुई,811312
मगही,ककनचौर,दिग्घी,लक्ष्मीपुर,जमुई,811312
ककनचोर टोला मगही,खिलार,दिग्घी,लक्ष्मीपुर,जमुई,811312
कोडवाकुडा,खिलार,दिग्घी,लक्ष्मीपुर,जमुई,811312
सोनदीपी,सोनदीपी,दिग्घी,लक्ष्मीपुर,जमुई,811312
टोला सिकठिया,सोनदीपी,दिग्घी,लक्ष्मीपुर,जमुई,811312
पीराटांड,पुरनाडीह,दिग्घी,लक्ष्मीपुर,जमुई,811312
परनाडीह,पुरनाडीह,दिग्घी,लक्ष्मीपुर,जमुई,811312
बांझीकुसुम,पुरनाडीह,दिग्घी,लक्ष्मीपुर,जमुई,811312
गादी मंगरार,गादीमंगरार,दिग्घी,लक्ष्मीपुर,जमुई,811312
नवादा,गादीमंगरार,दिग्घी,लक्ष्मीपुर,जमुई,811312
मंठंगरार खास,गादीमंगरार,डोमामहडर,लक्ष्मीपुर,जमुई,811312
कर्रा,मोहनपुर,दिग्घी,लक्ष्मीपुर,जमुई,811312
डोमामहडर,डोमामहडर,डोमामहडर,लक्ष्मीपुर,जमुई,811312
हरदीरव,डोमामहडर,डोमामहडर,लक्ष्मीपुर,जमुई,811312
मोहनपुर,मोहनपुर,दिग्घी,लक्ष्मीपुर,जमुई,811312
निगोरिया,मोहनपुर,दिग्घी,लक्ष्मीपुर,जमुई,811312
खिलार,खिलार,तेलियाडीह,लक्ष्मीपुर,जमुई,811312
चाटटी,खिलार,तेलियाडीह,लक्ष्मीपुर,जमुई,811312
शिवसोना,शिवसोना,दिग्घी,लक्ष्मीपुर,जमुई,811312
करमाटाँड़,करमटाँड,दिग्घी,लक्ष्मीपुर,जमुई,811312
करिबापत्थर,करीवा पत्थर,दिग्घी,लक्ष्मीपुर,जमुई,811312
सिंधुमहडर,करीवा पत्थर,दिग्घी,लक्ष्मीपुर,जमुई,811312
झौपा,करीवा पत्थर,दिग्घी,लक्ष्मीपुर,जमुई,811312
अमरवा,करीवा पत्थर,दिग्घी,लक्ष्मीपुर,जमुई,811312
टेक्सरा,करीवा पत्थर,दिग्घी,लक्ष्मीपुर,जमुई,811312
पवना,पवना,दिग्घी,लक्ष्मीपुर,जमुई,811312
झरना,झरना,दिग्घी,लक्ष्मीपुर,जमुई,811312
बेलाटिकुर,झरना,दिग्घी,लक्ष्मीपुर,जमुई,811312
घोरलाही,घोरलाही,तेलियाडीह,लक्ष्मीपुर,जमुई,811312
नावाबांध,घोरलाही,तेलियाडीह,लक्ष्मीपुर,जमुई,811312
नावाडीह,नावाडीह,तेलियाडीह,लक्ष्मीपुर,जमुई,811312
सुंदरटाड,नावाडीह,तेलियाडीह,लक्ष्मीपुर,जमुई,811312
सोहजान्,रतनपुर,रतनपुर,गिद्धौर,जमुई,811306
कैराकात्,रतनपुर,रतनपुर,गिद्धौर,जमुई,811306
भौराटांड,रतनपुर,रतनपुर,गिद्धौर,जमुई,811306
थडघटि,रतनपुर,रतनपुर,गिद्धौर,जमुई,811306
कुराव,रतनपुर,रतनपुर,गिद्धौर,जमुई,811306
महडाल,रतनपुर,रतनपुर,गिद्धौर,जमुई,811306
रतनपुर,रतनपुर,रतनपुर,गिद्धौर,जमुई,811306
बानार्ड,रतनपुर,रतनपुर,गिद्धौर,जमुई,811306
कुन्धुर,कुन्धुर,नयागाँव,गिद्धौर,जमुई,811306
तरिपहाड,कुन्धुर,नयागाँव,गिद्धौर,जमुई,811306
नयागांव,नयागाँव,नयागाँव,गिद्धौर,जमुई,811306
गेनाडीह,गेनाडीह,नयागाँव,गिद्धौर,जमुई,811306
रामाकुराव,गेनाडीह,नयागाँव,गिद्धौर,जमुई,811306
केवाल,केवाल,गुगलडीह,गिद्धौर,जमुई,811306
कुडिला,कुडिला,गुगलडीह,गिद्धौर,जमुई,811306
छेदलाही,छेदलाही,गुगलडीह,गिद्धौर,जमुई,811306
जलगोडव,जलगोड़वा,गुगलडीह,गिद्धौर,जमुई,811306
वकिव,जलगोड़वा,गुगलडीह,गिद्धौर,जमुई,811306
ढोलकटवा,ढोलकटवा,गुगलडीह,गिद्धौर,जमुई,811306
पाण्डेठिक,पाण्डेठीका,गुगलडीह,गिद्धौर,जमुई,811306
सरसा,सेवा,सेवा,गिद्धौर,जमुई,811306
सेवा,सेवा,सेवा,गिद्धौर,जमुई,811306
केतरूनवादा,केतरू नवादा,गिद्धौर,जमुई,811306
संसारपुर,संसारपुर,गिद्धौर,जमुई,811306
बन्झुलिया,बनझुलिया,गिद्धौर,जमुई,811306
गिध्दौर,पतसंडा,गिद्धौर,गिद्धौर,जमुई,811306
पतसंडा,पतसंडा,गिद्धौर,गिद्धौर,जमुई,811306
महुली,महली,गिद्धौर,गिद्धौर,जमुई,811306
खडहुआ,खडह्आ,खडहआ,गिद्धौर,जमुई,811306
कुमरडीह,कुमरडीह,गिद्धौर,जमुई,811306
घोवघट,धोवघट,गिद्धौर,जमुई,811306
गेरूआडीह,धोवघट,गिद्धौर,जमुई,811306
सिमरिया,धोवघट,गिद्धौर,जमुई,811306
कोल्हुआ,कोल्हआ,बानपुर,गिद्धौर,जमुई,811306
बन्धौरा,बन्धौरा,गिद्धौर,जमुई,811306
मौरा,मौरा,मौरा,गिद्धौर,जमुई,811306
भलुआही,मौरा,मौरा,गिद्धौर,जमुई,811306
अलखपुरा,मौरा,मौरा,गिद्धौर,जमुई,811306
तारडीह,गंगरा,गंगरा,गिद्धौर,जमुई,811306
गंगरा,गंगरा,गंगरा,गिद्धौर,जमुई,811306
मलोनीटांड,गंगरा,गंगरा,गिद्धौर,जमुई,811306
धनीयाठीका,गंगरा,गंगरा,गिद्धौर,जमुई,811306
गोविन्दपुर,गोविन्दपुर,सेवा,झाझा,जमुई,811306
गोविन्दपुर बांध पर,गोविन्दपुर,सेवा.,झाझा,जमुई,811306
दिघरा,धमना,सेवा,झाझा,जमुई,811306
बगधासा,धमना,धमना,झाझा,जमुई,811306
सलैया,धमना,धमना,झाझा,जमुई,811306
काशमीर,धमना,धमना,झाझा,जमुई,811306
धमना,धमाना,धमना,झाझा,जमुई,811306
धमना टांड पर,धमना,धमना,झाझा,जमुई,811306
धमना बाजार,धमना,धमना,झाझा,जमुई,811306
कठबजरा,कठबजरा,बैजला,झाझा,जमुई,811308
पूर्वी खैरन,खैरन,बैजला,झाझा,जमुई,811308
फोक्सा,फोक्सा,बैजला,झाझा,जमुई,811308
बैजला,बैजला,बैजला,झाझा,जमुई,811308
टडिया,बैजला,बैजला,झाझा,जमुई,811308
पचरूखी,बैजला,बैजला,झाझा,जमुई,811308
भुडकुडिया,बैजला,बैजला,झाझा,जमुई,811308
कुसौना,कुसौना,करहरा,झाझा,जमुई,811308
कुबडी,कुसौना,करहरा,झाझा,जमुई,811308
खैरन,खैरन,बैजला,झाझा,जमुई,811308
डोमय,डोमय,सुगवाउडान,झाझा,जमुई,811308
मधुआ,डोमय,सुगवाउडान,झाझा,जमुई,811308
डुमरहार,डोमय,सुगवाउडान,झाझा,जमुई,811308
गुदधियारा,डोमय,सुगवाउडान,झाझा,जमुई,811308
बनजामा,बनजामा,सहिया,झाझा,जमुई,811308
धवदिया,बनजामा,सहिया,झाझा,जमुई,811308
केनुआटांड,बनजामा,सहिया,झाझा,जमुई,811308
संघरा,बनजामा,सहिया,झाझा,जमुई,811308
योगियाटिल्हा,योगियाटिल्हा,सहिया,झाझा,जमुई,811308
लालवेरो,योगियाटिल्हा,सहिया,झाझा,जमुई,811308
चिरैयाडीह,योगियाटिल्हा,सहिया,झाझा,जमुई,811308
सहिया,सहिया,सहिया,झाझा,जमुई,811308
आदिवासी टोला सहिया,सहिया,सहिया,झाझा,जमुई,811308
उखरिया,उखरिया,सहिया,झाझा,जमुई,811308
मनियारा,उखरिया,सहिया,झाझा,जमुई,811308
केनुआटांड,उखरिया,सहिया,झाझा,जमुई,811308
करमा,करमा,सहिया,झाझा,जमुई,811308
वंशाटांड,करमा,सहिया,झाझा,जमुई,811308
लोहजारा,लोहजारा,सहिया,झाझा,जमुई,811308
डोमाकुरा,लोहजारा,सहिया,झाझा,जमुई,811308
गोडा,लोहजारा,सहिया,झाझा,जमुई,811308
दोॉंगाझरना,लोहजारा,सहिया,झाझा,जमुई,811308
बुढ़ीखार टोला आंकाटांड,सहिया,झाझा,जमुई,811308
असनातरी,सहिया,झाझा,जमुई,811308
बुढीखार,सहिया,झाझा,जमुई,811308
धमाना,धमाना,सुगवाउडान,झाझा,जमुई,811308
फ्ट्र्टा,धमाना,सुगवाउडान,झाझा,जमुई,811308
गम्हरिया,गम्हरिया,सुगवाउडान,झाझा,जमुई,811308
सरैया,सरैया,सुगवाउडान,झाझा,जमुई,811308
सुगवाउडान,सुगवाउडान,सुगवाउडान,झाझा,जमुई,811308
तारखंजरी,सुगवाउडान,सुगवाउडान,झाझा,जमुई,811308
तिलवरिया,सुगवाउडान,सुगवाउडान,झाझा,जमुई,811308
पन्ना,पन्ना,सहिया,झाझा,जमुई,811308
पैरगाहा,पैरगाहा,सुगवाउडान,झाझा,जमुई,811308
पैरगाहा,पैरगाहा,सुगवाउडान,झाझा,जमुई,811308
सिमरका,सिमरका,बोडवा,झाझा,जमुई,811308
रंगाखुर्द,सिमरका,बोडवा,झाझा,जमुई,811308
रंगाकला,सिमरका,बोडवा,झाझा,जमुई,811308
भीखा,भीखा,सहिया,झाझा,जमुई,811308
सबैजोर,सवैजोर,सहिया,झाझा,जमुई,811308
सरैसवा,सवैजोर,सहिया,झाझा,जमुई,811308
सलगा,सवैजोर,सहिया,झाझा,जमुई,811308
चपोडिया,सवैजोर,सहिया,झाझा,जमुई,811308
रामडीह,रामडीह,सहिया,झाझा,जमुई,811308
बोडवा,बोडवा,बोडवा,झाझा,जमुई,811308
बोडवा,बोडवा,बोडवा,झाझा,जमुई,811308
डुमरमोह,डुमरकोला,बोडवा,झाझा,जमुई,811308
दरियो,डुमरकोला,बोडवा,झाझा,जमुई,811308
इस्लामपुर,सहिया,झाझा,जमुई,811308
सिकरडीह,सिकरडीह,सहिया,झाझा,जमुई,811308
विशनपुर,सिकरडीह,सहिया,झाझा,जमुई,811308
मानीकथान,मानिकथान,सहिया,झाझा,जमुई,811308
बखौरीवथान,मानिकथान,सहिया,झाझा,जमुई,811308
फतेहपुर,फतेहपुर,फतेहपुर,झाझा,जमुई,811308
दुअरपहडी,फतेहपुर,फतेहपुर,झाझा,जमुई,811308
ताराकुरा,ताराकुरा,करहरा,झाझा,जमुई,811308
कठोतिया,ताराकुरा,करहरा,झाझा,जमुई,811308
करहरा,करहरा,करहरा,झाझा,जमुई,811308
बाराटांड,करहरा,करहरा,झाझा,जमुई,811308
करमा,करमा,करहरा,झाझा,जमुई,811308
बालापांडर,बालापांडर,करहरा,झाझा,जमुई,811308
पिरूआडीह,बालापांडर,करहरा,झाझा,जमुई,811308
लखीसरा,बालापांडर,करहरा,झाझा,जमुई,811308
आस्ता,आस्ता,झाझा,झाझा,जमुई,811308
परसा,आस्ता,झाझा,झाझा,जमुई,811308
उखरिया,आस्ता,झाझा,झाझा,जमुई,811308
दक्षिण टोला,तेलियाडीह,तेलियाडीह,झाझा,जमुई,811312
उत्तरी टोला,तेलियाडीह,तेलियाडीह,झाझा,जमुई,811312
नौवाकुरा,नौवाकरा,तेलियाडीह,झाझा,जमुई,811312
कोडवाडीह,छापा,छापा,झाझा,जमुई,811308
धपरी,छापा,छापा,झाझा,जमुई,811308
छापा,छापा,छापा,झाझा,जमुई,811308
लहरनियाटांड,हरंजा,छापा,झाझा,जमुई,811308
हरहंजा,हरंजा,छापा,झाझा,जमुई,811308
ताराकुरा नावाडीह,नावाडीह,छापा,झाझा,जमुई,811308
गोरादमगी,नावाडीह,छापा,झाझा,जमुई,811308
तुलसीकुरा,नावाडीह,छापा,झाझा,जमुई,811308
केनुयन काठी,छापा,छापा,झाझा,जमुई,811308
कल्युगहा,छापा,छापा,झाझा,जमुई,811308
पश्चिम टोला,कानन,केशोपूर,झाझा,जमुई,811306
पूरव टोला,कानन,केशोपूर,झाझा,जमुई,811306
घोरिकवा,कानन,केशोपूर,झाझा,जमुई,811306
दतकिचवा टोला गोपालपुर,कानन,केशोपूर,झाझा,जमुई,811306
दतकिचवा,कानन,केशोपूर,झाझा,जमुई,811306
दतकिचवा टोला मिलतनग,कानन,केशोपूर,झाझा,जमुई,811306
कावरकला,काबवरकला,छापा,झाझा,जमुई,811308
कावरखुर्द,काबवरकला,छापा,झाझा,जमुई,811308
ककनियातरी,काबवरकला,छापा,झाझा,जमुई,811308
पीपरा,काबवरकला,छापा,झाझा,जमुई,811308
तेतरियाकला,तेतरियाकला,झाझा,झाझा,जमुई,811308
चिल्हको,तेतरियाकला,झाझा,झाझा,जमुई,811308
पहाडपुरा,तेतरियाकला,झाझा,झाझा,जमुई,811308
केशोपुर,केशोपुर,केशोपूर,झाझा,जमुई,811306
केशोपुर,केशोपुर,झाझा.,झाझा,जमुई,811308
रामदासपुर,रामदासपुर,केशोपूर,झाझा,जमुई,811306
झालुठीव,रामदासपुर,केशोपूर,झाझा,जमुई,811306
घुडमुडि,रामदासपुर,केशोपूर,झाझा,जमुई,811306
काशीकुण्ड,काशीकंड,धमना,झाझा,जमुई,811306
सितुचक,काशीकंड,धमना,झाझा,जमुई,811306
मछिन्द्रा,मछिन्द्रा,केशोपूर,झाझा,जमुई,811306
दादपुर,दादपुर,केशोपूर,झाझा,जमुई,811306
ढीवा,ढीवा,केशोपूर,झाझा,जमुई,811306
बैनीबांक,बेनीबांक,झाझा,झाझा,जमुई,811308
रामडीह,खुरीप्राश,झाझा,झाझा,जमुई,811308
खुरीपरास,खुरीप्राश,झाझा,झाझा,जमुई,811308
एकडारा,एकडारा,झाझा,झाझा,जमुई,811308
पताव,पताव,झाझा,झाझा,जमुई,811308
जामुखरैया,जामुखरैया,गंगरा,झाझा,जमुई,811306
फतेहपुर,फतेहपुर,फतेहपुर,झाझा,जमुई,811308
लोहियानगर,जामुखरैया,गंगरा,झाझा,जमुई,811306
गैरमजरूआ,जामुखरैया,गंगरा,झाझा,जमुई,811306
इस्लामनगर,जामुखरैया,गंगरा,झाझा,जमुई,811306
लालदेवडीह,जामुखरैया,गंगरा,झाझा,जमुई,811306
कावर,जामुखरैया,गंगरा,झाझा,जमुई,811306
पांडेयडीह,सिद्धेश्वरी,झाझा,झाझा,जमुई,811308
बलियो,हथिया,झाझा,झाझा,जमुई,811308
बलियाटांड,हथिया,झाझा,झाझा,जमुई,811308
सिमरासोत,हथिया,झाझा,झाझा,जमुई,811308
बन्दरचुंआ,हथिया,झाझा,झाझा,जमुई,811308
तेतरियाटांड,हथिया,झाझा,झाझा,जमुई,811308
हथिया टोला चिल्‍्लीटांड,हथिया,झाझा,झाझा,जमुई,811308
सिधेश्वरी टोला चरकापत्थ,हथिया,झाझा,झाझा,जमुई,811308
हथिया,हथिया,झाझा,झाझा,जमुई,811308
अम्बा मांझी टोला,हथिया,झाझा,झाझा,जमुई,811308
अम्बा रमानी टोला,हथिया,झाझा,झाझा,जमुई,811308
भलगोडी,हथिया,झाझा,झाझा,जमुई,811308
अम्बा,हथिया,झाझा,झाझा,जमुई,811308
अलकजारा,अलकजरा,झाझा,झाझा,जमुई,811308
सुन्दरीटांड,सन्दरीटांड,झाझा,झाझा,जमुई,811308
मनीकुरा,मनिक्रा,झाझा,झाझा,जमुई,811308
बैजलपुरा,झाझा,झाझा,जमुई,811308
सोहजाना,झाझा,झाझा,जमुई,811308
डुमरपोखर,झाझा,झाझा,जमुई,811308
सोहजाना कॉल टेक्स,झाझा,झाझा,जमुई,811308
सोहजाना,झाझा,झाझा,जमुई,811308
चरघरा,झाझा,झाझा,जमुई,811308
भलुआ,झाझा,झाझा,जमुई,811308
पुरानी बाजार,झाझा,झाझा,जमुई,811308
पुरानी बाजार शिक्षक कॉलोनी,झाझा,झाझा,जमुई,811308
पिपराडीह,झाझा,झाझा,जमुई,811308
छोटीचन्दवारी झाझा,झाझा,झाझा,जमुई,811308
रेलवे कॉलोनी, झाझा,झाझा,झाझा,जमुई,811308
अवकाश कॉलोनी, झाझा,झाझा,झाझा,जमुई,811308
छोटीचन्दवारी झाझा,झाझा,झाझा,जमुई,811308
रेलवे कॉलोनी, झाझा,झाझा,झाझा,जमुई,811308
अवकाश कॉलोनी, झाझा,झाझा,झाझा,जमुई,811308
हेलाजोत, झाझा,झाझा,झाझा,जमुई,811308
बस स्टेंड, झाझा,झाझा,झाझा,जमुई,811308
बाबुवांक,झाझा,झाझा,जमुई,811308
धुआटोली झाझा,झाझा,झाझा,जमुई,811308
शिव बाजार, झाझा,झाझा,झाझा,जमुई,811308
झाझा बाजार,झाझा,झाझा,जमुई,811308
रेलवे क्वाटर, झाझा,झाझा,झाझा,जमुई,811308
खलासी मोहल्ला,झाझा,झाझा,जमुई,811308
अम्वेदकर नगर, झाझा,झाझा,झाझा,जमुई,811308
खलासी मोहल्ला,झाझा,झाझा,जमुई,811308
धपरी,बाराजोर,बाराजोर,झाझा,जमुई,811308
बाराजोर,बाराजोर,बाराजोर,झाझा,जमुई,811308
नया आवादीगंज गिधको,बाराजोर,बाराजोर,झाझा,जमुई,811308
धोविया कुरा,बाराजोर,झाझा,झाझा,जमुई,811308
रानीकुरा,बाराजोर,झाझा,झाझा,जमुई,811308
छुछूनरिया,बाराजोर,झाझा,जमुई,811308
ललमटिया,बाराजोर,झाझा,जमुई,811308
गिधको,बाराजोर,बाराजोर,झाझा,जमुई,811308
जिवनटोला,बाराजोर,बाराजोर,झाझा,जमुई,811308
बरमसिया,बरमसिया,झाझा,झाझा,जमुई,811308
धोवियाकुरा,बरमसिया,झाझा,झाझा,जमुई,811308
चितोचक,चितोचक,झाझा,झाझा,जमुई,811308
सगरा घाट,चितोचक,झाझा,झाझा,जमुई,811308
बोस बगान,चितोचक,झाझा,झाझा,जमुई,811308
तत्वाडीह,चितोचक,झाझा,झाझा,जमुई,811308
नौआठिका,चितोचक,झाझा,झाझा,जमुई,811308
गोंगाकुरा,गोंगाकरा,झाझा,झाझा,जमुई,811308
गढी महापुर,महापुर,झाझा,झाझा,जमुई,811308
महापुर,महापुर,झाझा,झाझा,जमुई,811308
सतीघाट,सतीघाट,झाझा,झाझा,जमुई,811308
सतीघाट,सतीघाट,झाझा,झाझा,जमुई,811308
रजलाकला,रजलाकला,रजलाकला,झाझा,जमुई,811308
ओरैया,ओरैया,रजलाकला,झाझा,जमुई,811308
रजलाकला,रजलाकला,रजलाकला,झाझा,जमुई,811308
रजलाखुर्द,रजलायुर्द,रजलाकला,झाझा,जमुई,811308
घिपलपहडी,रजलायुर्द,रजलाकला,झाझा,जमुई,811308
हरणा,हरना,रजलाकला,झाझा,जमुई,811308
चांय,चाँय,चाँय,झाझा,जमुई,811308
परासी,परासी,चाँय,झाझा,जमुई,811308
तुम्बापहाड,तुम्बापहाड, चाय,झाझा,जमुई,811308
लोगांय,लोगांय,चाँय,झाझा,जमुई,811308
पिपरा,लोगांय,चाँय,झाझा,जमुई,811308
धनुकातरी,धनुकतरी,बाराकोला,झाझा,जमुई,811308
जुडपनीया,धनुकतरी,बाराकोला,झाझा,जमुई,811308
दुधढरवा,धनुकतरी,बाराकोला,झाझा,जमुई,811308
पायझरना,धनुकतरी,बाराकोला,झाझा,जमुई,811308
मयुरनाचा,धनुकतरी,बाराकोला,झाझा,जमुई,811308
अम्बकोलिया,धनुकतरी,बाराकोला,झाझा,जमुई,811308
ठेलपत्थर,धनुकतरी,बाराकोला,झाझा,जमुई,811308
हरदिया,धनुकतरी,बाराकोला,झाझा,जमुई,811308
घोरमारा,घोरमारा,बाराकोला,झाझा,जमुई,811308
ढेकीयों,घोरमारा,बाराकोला,झाझा,जमुई,811308
काशाझरना,घोरमारा,बाराकोला,झाझा,जमुई,811308
पचकठिया,घोरमारा,बाराकोला,झाझा,जमुई,811308
बाराकोला,घोरमारा,बाराकोला,झाझा,जमुई,811308
टिटहीचक,घोरमारा,बाराकोला,झाझा,जमुई,811308
जुडपनिया,घोरमारा,बाराकोला,झाझा,जमुई,811308
नारगंजो,नरगंजो,झाझा,झाझा,जमुई,811308
भदवरिया,नरगंजो,ट्हवा,झाझा,जमुई,811308
करमा,नरगंजो,ट्हवा,झाझा,जमुई,811308
श्रीटांड,नरगंजो,ट्हवा,झाझा,जमुई,811308
ट्हवा,ट्हवा,ट्हवा,झाझा,जमुई,811308
बलियाडीह,बलियाडीह,ट्हवा,झाझा,जमुई,811308
खुरण्डा,खुरण्डा,खुरण्डा,झाझा,जमुई,811316
पटुआ,लीलावरण,खुरण्डा,झाझा,जमुई,811316
टीटहीचक,लीलावरण,खुरण्डा,झाझा,जमुई,811316
गोपलामारन,लीलावरण,खुरण्डा,झाझा,जमुई,811316
लीलावरण,लीलावरण,खुरण्डा,झाझा,जमुई,811316
धोरपारन,लीलावरण,खुरण्डा,झाझा,जमुई,811316
पटुआ,लीलावरण,खुरण्डा,झाझा,जमुई,811316
टीटहीचक,लीलावरण,खुरण्डा,झाझा,जमुई,811316
गोपलामारन,लीलावरण,खुरण्डा,झाझा,जमुई,811316
लीलावरण,लीलावरण,खुरण्डा,झाझा,जमुई,811316
धोरपारन,लीलावरण,खुरण्डा,झाझा,जमुई,811316
गोदैया,खुरण्डा,खुरण्डा,झाझा,जमुई,811316
असहना,खुरण्डा,खुरण्डा,झाझा,जमुई,811316
बथनावरण,बथनावरण,खुरण्डा,झाझा,जमुई,811316
तिलौना,बथनावरण,खुरण्डा,झाझा,जमुई,811316
बस्तियाडीह,कारीझाल,खुरण्डा,झाझा,जमुई,811316
कारीझाल,कारीझाल,खुरण्डा,झाझा,जमुई,811316
बनगामा,बनगामा,खुरण्डा,झाझा,जमुई,811316
ड्हुआ,बनगामा,खुरण्डा,झाझा,जमुई,811316
तरौन,तरौन,सिमुलतला,झाझा,जमुई,811316
कनौदी,कनौदी,कनौदी,झाझा,जमुई,811316
ढोढरी,खुरण्डा,खुरण्डा,झाझा,जमुई,811316
पुरनकाडीह,खुरण्डा,झाझा,जमुई,811316
सिमुलतला,सिमुलतला,झाझा,जमुई,811316
पन्ना,पन्ना,सिमुलतला,झाझा,जमुई,811316
नागवे,नागवे,सिमुलतला,झाझा,जमुई,811316
केनुहार,नागवे,सिमुलतला,झाझा,जमुई,811316
सियाटांड,सियाटांड,सिमुलतला,झाझा,जमुई,811316
नेनुआसार,सियाटांड,सिमुलतला,झाझा,जमुई,811316
दमगीतर,सियाटांड,सिमुलतला,झाझा,जमुई,811316
चरैया,चरैया,टेलवा,झाझा,जमुई,811316
घवठिया,चरैया,टेलवा,झाझा,जमुई,811316
नौकासार,चरैया,टेलवा,झाझा,जमुई,811316
पांडेयडीह,पाण्डेयडीह ढ़ोढ़री,टेलवा बाजार,झाझा,जमुई,811316
ढ़ोढ़री,पाण्डेयडीह ढ़ोढ़री,टेलवा बाजार,झाझा,जमुई,811316
गादी टेलवा,गादी टेलवा,टेलवा,झाझा,जमुई,811316
गादी बहियार,गादी टेलवा,टेलवा,झाझा,जमुई,811316
घासीतरी,घासीतरी,टेलवा,झाझा,जमुई,811316
नावाडीह,घासीतरी,टेलवा,झाझा,जमुई,811316
लेटवा,टेलवा,टेलवा,झाझा,जमुई,811316
चौधरीया,टेलवा,टेलवा,झाझा,जमुई,811316
दुमकवा,टेलवा,टेलवा,झाझा,जमुई,811316
टेलवा बाजार,टेलवा,टेलवा,झाझा,जमुई,811316
खावा,खाबा,टेलवा,झाझा,जमुई,811316
सवैजोर,सवैजोर,अगहरा,सोनो,जमुई,811314
सवैजोर,सवैजोर,अगहरा बरूअटटा,सोनो,जमुई,811313
देवरुखी,देवरूखी,अगहरा बरूअटटा,सोनो,जमुई,811313
अगहरा,अगहरा,अगहरा बरूअटटा,सोनो,जमुई,811313
चपरी,चपरी,अगहरा बरूअटटा,सोनो,जमुई,811313
चपरी,मोगलचपरी,अगहरा,सोनो,जमुई,811314
मोगल चपरी,मोगलचपरी,अगहरा,सोनो,जमुई,811314
सारेवाद,सारेवाद,अगहरा,सोनो,जमुई,811314
हथियापत्थर,सारेवाद,अगहरा,सोनो,जमुई,811314
सारेवाद,सारेवाद,अगहरा बरूअटटा,सोनो,जमुई,811313
सारेवाद बाराटांड,सारेवाद,अगहरा बरूअटटा,सोनो,जमुई,811313
असहना,असहना,सोनो,सोनो,जमुई,811314
दुवेडीह,बाबूडीह,सोनो,सोनो,जमुई,811314
नीमाडीह,बाबूडीह,सोनो,सोनो,जमुई,811314
मांगेचपरी,बाबूडीह,सोनो,सोनो,जमुई,811314
केवाली,केवाली,सोनो,सोनो,जमुई,811314
डोकली,डोकली,सोनो,सोनो,जमुई,811314
मंगरूआडीह,मंगरूआडीह,सोनो,सोनो,जमुई,811314
सोनो,सोनो,सोनो,सोनो,जमुई,811314
सोनो पश्चिमी टोला,सोनो,सोनो,सोनो,जमुई,811314
सोनो यदुवंशीनगर,सोनो,सोनो,सोनो,जमुई,811314
मनधाता,मानघाता,सोनो,सोनो,जमुई,811314
सोनराडीह,मानघाता,सोनो,सोनो,जमुई,811314
खुशहालडीह,मानघाता,सोनो,सोनो,जमुई,811314
बलककना,बलककना,सोनो,सोनो,जमुई,811314
बलथर,बलथर,सोनो,सोनो,जमुई,811314
बलथर यादव टोला,बलथर,सोनो,सोनो,जमुई,811314
तेलियाछुराट,पैनवाजान,सोनो,सोनो,जमुई,811314
अंगनापत्थर,पैनवाजान,सोनो,सोनो,जमुई,811314
प्रेमबथान,पैनवाजान,सोनो,सोनो,जमुई,811314
पंचपहाडी,पैनवाजान,सोनो,सोनो,जमुई,811314
पैनवाजन,पैनवाजान,सोनो,सोनो,जमुई,811314
खुर्दमहापुर,खुर्दमहापुर,सोनो,सोनो,जमुई,811314
घोटारी,खुर्दमहापुर,सोनो,सोनो,जमुई,811314
चन्द्र,खुर्दमहापुर,सोनो,सोनो,जमुई,811314
तैरूरवा,तेरूखा,सोनो,सोनो,जमुई,811314
बैजाडीह,तेरूखा,सोनो,सोनो,जमुई,811314
ओयरा,ओरैया,सोनो,सोनो,जमुई,811314
नावाडीह,ओरैया,सोनो,सोनो,जमुई,811314
डिहारी,ओरैया,सोनो,सोनो,जमुई,811314
जुगडी,ओरैया,सोनो,सोनो,जमुई,811314
बधमादमगी,बधवादमगी,सोनो,सोनो,जमुई,811314
भिठरा,बधवादमगी,सोनो,सोनो,जमुई,811314
मधुढावर,बधवादमगी,सोनो,सोनो,जमुई,811314
गोबरों,गोबरों,सोनो,सोनो,जमुई,811314
जोकटिया,गोबरों,सोनो,सोनो,जमुई,811314
कुरकुटा,गोबरों,सोनो,सोनो,जमुई,811314
लोहा,लोहा,सोनो,सोनो,जमुई,811314
सलैया पश्चिमी टोला,सलैया,सोनो,सोनो,जमुई,811314
सलैया पूर्वी टोला,सलैया,सोनो,सोनो,जमुई,811314
लहथरा,लहथरा,सोनो,सोनो,जमुई,811314
लकराहा,लकराहा,सोनो,सोनो,जमुई,811314
गम्हरिया,लकराहा,सोनो,सोनो,जमुई,811314
हरिहरपुर,लकराहा,सोनो,सोनो,जमुई,811314
घवदठिया,धवठिया,झाझा,सोनो,जमुई,811308
महत मनिया,धवठिया,झाझा,सोनो,जमुई,811308
रघुनाथा,धवठिया,झाझा,सोनो,जमुई,811308
कोदवाटौंड,धवठिया,झाझा,सोनो,जमुई,811308
रघुनाथा टोला सुखासन,रघुनाथा,सोनो,सोनो,जमुई,811314
रघुनाथा,रघुनाथा,सोनो,सोनो,जमुई,811314
महतमनिया पश्चिमी टोला,रघुनाथा,सोनो,सोनो,जमुई,811314
भलगुहा,रघुनाथा,सोनो,सोनो,जमुई,811314
रकक्‍तरोहनिया,रकक्‍तरोहनियां,झाझा,सोनो,जमुई,811308
कुआंबांक,कुंआबांक,झाझा,सोनो,जमुई,811308
असनालेवार,कुंआबांक,झाझा,सोनो,जमुई,811308
केन्दुआलेवार,केन्दुअलेवार,झाझा,सोनो,जमुई,811308
बेलाबथान,केन्दुअलेवार,झाझा,सोनो,जमुई,811308
छप्परडीह,छप्परडीह,छप्परडीह,सोनो,जमुई,811308
सिदेश्वरी धोबिया,छप्परडीह,छप्परडीह,सोनो,जमुई,811308
कौडाडीह,छप्परडीह,छप्परडीह,सोनो,जमुई,811308
बेल्म्बा,बेलम्बा,छप्परडीह,सोनो,जमुई,811308
भेलबा,बेलम्बा,छप्परडीह,सोनो,जमुई,811308
सगवरिया,बेलम्बा,छप्परडीह,सोनो,जमुई,811308
ठाड़ी,ठाडी,छप्परडीह,सोनो,जमुई,811308
तिलवरिया,तिलवरिया,पैरामटिहाना,सोनो,जमुई,811314
अमझरी,अमझरी,पैरामटिहाना,सोनो,जमुई,811314
ढोढरी,ढोढरी,पैरामटिहाना,सोनो,जमुई,811314
तेतरिया,तेतरिया,पैरामटिहाना,सोनो,जमुई,811314
तेवारिटाड,तिवारीटांड,पैरामटिहाना,सोनो,जमुई,811314
गोरवामटियाना,तिवारीटांड,पैरामटिहाना,सोनो,जमुई,811314
लखनकियारी,लखनकियारी,डुमरी,सोनो,जमुई,811314
डुमरी,डमरी,डुमरी,सोनो,जमुई,811314
चाननटांड,चाननटांड,डुमरी,सोनो,जमुई,811314
हडवापहडी,चाननटांड,डुमरी,सोनो,जमुई,811314
राजपुर,राजपुर,डुमरी,सोनो,जमुई,811314
ड्ब्बा,छरना,डुमरी,सोनो,जमुई,811314
कुकुरभेटो,छरना,डुमरी,सोनो,जमुई,811314
मटिहान,पैरामटिहाना,पैरामटिहाना,सोनो,जमुई,811314
नैयाडील,पैरामटिहाना,पैरामटिहाना,सोनो,जमुई,811314
बाजार,पैरामटिहाना,पैरामटिहाना,सोनो,जमुई,811314
हरचरन,पैरामटिहाना,पैरामटिहाना,सोनो,जमुई,811314
दुधियान,पैरामटिहाना,पैरामटिहाना,सोनो,जमुई,811314
पैरा,पैरामटिहाना,पैरामटिहाना,सोनो,जमुई,811314
बथानपर,पैरामटिहाना,पैरामटिहाना,सोनो,जमुई,811314
श्याम,पैरामटिहाना,पैरामटिहाना,सोनो,जमुई,811314
औओरैया,ओरैया,पैरामटिहाना,सोनो,जमुई,811314
खपरिया,खपरिया,पैरामटिहाना,सोनो,जमुई,811314
भरतपुर,भरतपुर,पैरामटिहाना,सोनो,जमुई,811314
रक्शा,रक्शा,पैरामटिहाना,सोनो,जमुई,811314
केशोफरका,केशोफरका,सोनो,सोनो,जमुई,811314
हरिडीह,केशोफरका,सोनो,सोनो,जमुई,811314
कसरोटी,केशोफरका,सोनो,सोनो,जमुई,811314
कन्हायफरका,केशोफरका,सोनो,सोनो,जमुई,811314
घुटवे,घुटवे,सोनो,सोनो,जमुई,811314
भालसुम,घुटवे,सोनो,सोनो,जमुई,811314
घुटवे टोला बोगैया,घुटवे,सोनो,सोनो,जमुई,811314
ठाकुरअहरा,ठाकुरअहरा,सोनो,सोनो,जमुई,811314
घोघा,ठाकुरअहरा,सोनो,सोनो,जमुई,811314
लेबा यादव टौला,ठाकुरअहरा,सोनो,सोनो,जमुई,811314
असरहुआ,असरहुआ,सोनो,सोनो,जमुई,811314
विजैया,बिजैया,सोनो,सोनो,जमुई,811314
तेतरिया,तेतरियाटींड,सोनो,सोनो,जमुई,811314
लेबा,तेतरियाटींड,सोनो,सोनो,जमुई,811314
बेहडी,चुरहैत,सोनो,सोनो,जमुई,811314
चुरहैत,चुरहैत,सोनो,सोनो,जमुई,811314
बरबा कहरडीह,चुरहैत,सोनो,सोनो,जमुई,811314
बिजुआही,चुरहैत,सोनो,सोनो,जमुई,811314
बरबा कहरडीह,चुरहैत,सोनो,सोनो,जमुई,811314
बिजुआही,चुरहैत,सोनो,सोनो,जमुई,811314
चौराधारी,चुरहैत,सोनो,सोनो,जमुई,811314
कामत,चुरहैत,सोनो,सोनो,जमुई,811314
शहरफरका,अमेठियाडीह,सोनो,सोनो,जमुई,811314
मडरों,मडरों,सोनो,सोनो,जमुई,811314
देवेपहडी,मडरों,सोनो,सोनो,जमुई,811314
कुहिला,कोहिलाचरघरा,महेश्वरी,सोनो,जमुई,811314
घोडसारी,कोहिलाचरघरा,महेश्वरी,सोनो,जमुई,811314
दुधकसोई,कोहिलाचरघरा,महेश्वरी,सोनो,जमुई,811314
सोनेलटॉड,सोनेलटींड,चरकापत्थर,सोनो,जमुई,811314
गण्डा,लालीलेबार,चरकापत्थर,सोनो,जमुई,811314
लालीलेवार,लालीलेबार,चरकापत्थर,सोनो,जमुई,811314
तरौन,लालीलेबार,चरकापत्थर,सोनो,जमुई,811314
तमोलीजोत,तमोलीजोर,चरकापत्थर,सोनो,जमुई,811314
जागीजोर,तमोलीजोर,चरकापत्थर,सोनो,जमुई,811314
टोलाकरमाटॉड,तमोलीजोर,चरकापत्थर,सोनो,जमुई,811314
भेलवा,भेलवा,चरकापत्थर,सोनो,जमुई,811314
भेलवा मोहनपुर,भेलवा,चरकापत्थर,सोनो,जमुई,811314
करहरा चौपाल,भेलवा,चरकापत्थर,सोनो,जमुई,811314
कनौली,भेलवा,चरकापत्थर,सोनो,जमुई,811314
सतगामा,भेलवा,चरकापत्थर,सोनो,जमुई,811314
पंजिया,छुछुनरिया,चरकापत्थर,सोनो,जमुई,811314
बिच्छागदध,छुछुनरिया,चरकापत्थर,सोनो,जमुई,811314
छुछुनरिया पिछड़ी,छुछुनरिया,चरकापत्थर,सोनो,जमुई,811314
घोडवासा,छुछुनरिया,चरकापत्थर,सोनो,जमुई,811314
रामदेवसालन,छुछुनरिया,चरकापत्थर,सोनो,जमुई,811314
केन्दुआतरी,छुछुनरिया,चरकापत्थर,सोनो,जमुई,811314
भगवाना,भगवाना,चरकापत्थर,सोनो,जमुई,811314
बेलाकुरा,भगवाना,चरकापत्थर,सोनो,जमुई,811314
सरकंडा,सरकंडा,चरकापत्थर,सोनो,जमुई,811314
छाताकरम,छाताकरम,चरकापत्थर,सोनो,जमुई,811314
तारबाक,छाताकरम,चरकापत्थर,सोनो,जमुई,811314
झुर्रा,झुर्रा,चरकापत्थर,सोनो,जमुई,811314
चरँया,झुर्रा,चरकापत्थर,सोनो,जमुई,811314
सुकरो,डमरों सुकरो,चरकापत्थर,सोनो,जमुई,811314
कालीपहाए,नैनीपत्थर,चरकापत्थर,सोनो,जमुई,811314
बरदपिछडा,बरदपिछडा,चरकापत्थर,सोनो,जमुई,811314
बेहरवातरी,बरदपिछडा,चरकापत्थर,सोनो,जमुई,811314
घमनी,धमनी,चरकापत्थर,सोनो,जमुई,811314
पहाडपुर,धमनी,चरकापत्थर,सोनो,जमुई,811314
टहकार,टहकार,चरकापत्थर,सोनो,जमुई,811314
थम्हन,थम्हन,चरकापत्थर,सोनो,जमुई,811314
हरलवाटॉड,बाराटांड,चरकापत्थर,सोनो,जमुई,811314
चिलकाखार,बाराटांड,चरकापत्थर,सोनो,जमुई,811314
खिजरा,बाराटांड,चरकापत्थर,सोनो,जमुई,811314
चिलकाखार,चिलकाखार,चरकापत्थर,सोनो,जमुई,811314
खिजरा,चिलकाखार,चरकापत्थर,सोनो,जमुई,811314
गढटाँड,चिलकाखार,चरकापत्थर,सोनो,जमुई,811314
गढटॉडटोला बरमोरिया,चिलकाखार,चरकापत्थर,सोनो,जमुई,811314
गढटॉडटोला हथियापत्थर,चिलकाखार,चरकापत्थर,सोनो,जमुई,811314
खरीक,खरीक,चरकापत्थर,सोनो,जमुई,811314
पूवी टोला,रजौन,बिशनपुर,सोनो,जमुई,811314
पश्चिम टोला,रजौन,बिशनपुर,सोनो,जमुई,811314
बसौआ,भलसुमिया,बिशनपुर,सोनो,जमुई,811314
भलसुमिया,भलसुमिया,बिशनपुर,सोनो,जमुई,811314
बसौआ पश्चिम भाग,भलसुमिया,बिशनपुर,सोनो,जमुई,811314
कदवा,भलसुमिया,बिशनपुर,सोनो,जमुई,811314
बाधाकोल,भलसुमिया,बिशनपुर,सोनो,जमुई,811314
नवाआहर,भलसुमिया,बिशनपुर,सोनो,जमुई,811314
तेतरीया,भलसुमिया,बिशनपुर,सोनो,जमुई,811314
विशनपुर,बिशनपुर,बिशनपुर,सोनो,जमुई,811314
बन्दरमारा,बन्दरमारा,बिशनपुर,सोनो,जमुई,811314
दुधानिया,दुधनिया,बिशनपुर,सोनो,जमुई,811314
मोहनाडीह पूर्वी टोला,मोहनाडीह,बिशनपुर,सोनो,जमुई,811314
वरमानी,मोहनाडीह,बिशनपुर,सोनो,जमुई,811314
करहरी,करहरी,बिशनपुर,सोनो,जमुई,811314
बाधाकेवाल,बाघाकोल,महेश्वरी,सोनो,जमुई,811314
पूर्वी टोला,महेश्वरी,महेश्वरी,सोनो,जमुई,811314
बड़ापटटी,महेश्वरी,महेश्वरी,सोनो,जमुई,811314
उत्तर पटटी,महेश्वरी,महेश्वरी,सोनो,जमुई,811314
पेनकान्ह,सुग्गाटाड,महेश्वरी,सोनो,जमुई,811314
सुग्गाटांड,सुग्गाटाड,महेश्वरी,सोनो,जमुई,811314
भेलवा,सुग्गाटाड,महेश्वरी,सोनो,जमुई,811314
पंचरूखी,सुग्गाटाड,महेश्वरी,सोनो,जमुई,811314
तिलकपुर,तिलकपुर,महेश्वरी,सोनो,जमुई,811314
बौथा टोला ढोलाजोर,बौथा,महेश्वरी,सोनो,जमुई,811314
बोझायत,बुझायत,नैयाडीह,सोनो,जमुई,811314
जेसआनारी,बुझायत,नैयाडीह,सोनो,जमुई,811314
नैयाडीह,नैयाडीह,नैयाडीह,सोनो,जमुई,811314
अकलुडीह,नैयाडीह,नैयाडीह,सोनो,जमुई,811314
नोनछाहा,नैयाडीह,नैयाडीह,सोनो,जमुई,811314
हथियापत्थर,नैयाडीह,नैयाडीह,सोनो,जमुई,811314
मोरवैया,नैयाडीह,नैयाडीह,सोनो,जमुई,811314
वरियापुर,बरियारपुर,बटिया,सोनो,जमुई,811308
सलौनी,सिलौनी,नैयाडीह,सोनो,जमुई,811314
कुसैया,सिलौनी,नैयाडीह,सोनो,जमुई,811314
वघुआटाड,सिलौनी,नैयाडीह,सोनो,जमुई,811314
अडवडीया,अडबडिया,नैयाडीह,सोनो,जमुई,811314
किसनमन टॉड,अडबडिया,नैयाडीह,सोनो,जमुई,811314
नीमाटांड,अडबडिया,नैयाडीह,सोनो,जमुई,811314
कोदवरिया,अडबडिया,नैयाडीह,सोनो,जमुई,811314
लालपुर,अडबडिया,नैयाडीह,सोनो,जमुई,811314
कैराबाक,अडबडिया,नैयाडीह,सोनो,जमुई,811314
अड़वडिया,अडबडिया,नैयाडीह,सोनो,जमुई,811314
खोटवा,खोटवा,नैयाडीह,सोनो,जमुई,811314
देवीडीह,खोटवा,नैयाडीह,सोनो,जमुई,811314
बुटवरिया,बुटवरिया,नैयाडीह,सोनो,जमुई,811314
कर्माटॉँड,बुटवरिया,नैयाडीह,सोनो,जमुई,811314
ओकनामा टांड पूर्वी टोला,पनारी,नैयाडीह,सोनो,जमुई,811314
ठाकुर कुरा,पनारी,नैयाडीह,सोनो,जमुई,811314
चंद्रा,पनारी,नैयाडीह,सोनो,जमुई,811314
पनारी,पनारी,नैयाडीह,सोनो,जमुई,811314
ओकनामा टॉंड पश्चिमी टो,अकोनमाटांड,नैयाडीह,सोनो,जमुई,811314
बुढ़यिलापर,अकोनमाटांड,नैयाडीह,सोनो,जमुई,811314
महुगाय टोला बानाडीह,महगांय,बटिया,सोनो,जमुई,811308
महुगाय उत्तरी टोला,महगांय,बटिया,सोनो,जमुई,811308
महुगाय पश्चिमी टोला,महगांय,बटिया,सोनो,जमुई,811308
गंदर,गन्दर,बटिया,सोनो,जमुई,811308
कटावत,ईटवा,बटिया,सोनो,जमुई,811308
ईटबा,ईटवा,बटिया,सोनो,जमुई,811308
बरहाबाक,गन्दर,बटिया,सोनो,जमुई,811308
कटहराटॉड,गन्दर,बटिया,सोनो,जमुई,811308
भुरहा,भुरहा,बटिया,सोनो,जमुई,811308
खेरालेवार,खैरालेबार,बटिया,सोनो,जमुई,811308
खाजर,खैरालेबार,बटिया,सोनो,जमुई,811308
बेलाटांड,बेलाटांड,बटिया,सोनो,जमुई,811308
कोौड़ाडीह,बेलाटांड,बटिया,सोनो,जमुई,811308
दहियारी,दहियारी,बटिया,सोनो,जमुई,811308
कुरावा,कुरावा,बटिया,सोनो,जमुई,811308
यादव टोला,कुरावा,बटिया,सोनो,जमुई,811308
पासवान टोला,कुरावा,बटिया,सोनो,जमुई,811308
रविदास टोला,कुरावा,बटिया,सोनो,जमुई,811308
राम टोला,कुरावा,बटिया,सोनो,जमुई,811308
कौरियासार,कोरियासार,बटिया,सोनो,जमुई,811308
गिद्धाडीह,कोरियासार,बटिया,सोनो,जमुई,811308
तेलियादह,तेलियाडीह,बटिया,सोनो,जमुई,811308
हेठ बटिया,बटिया,बटिया,सोनो,जमुई,811308
बटिया,बटिया,बटिया,सोनो,जमुई,811308
बरमसिया,बटिया,बटिया,सोनो,जमुई,811308
टोलापहाड,तेलियामारन,गगनपुर,चकाई,जमुई,811303
तेलियामारन,तेलियामारन,गगनपुर,चकाई,जमुई,811303
घुठिया,तेलियामारन,गगनपुर,चकाई,जमुई,811303
हिंडला,तेलियामारन,गगनपुर,चकाई,जमुई,811303
गेनुआडीह,तेलियामारन,गगनपुर,चकाई,जमुई,811303
राजाडुमर,तेलियामारन,गगनपुर,चकाई,जमुई,811303
पथरिया,तेलियामारन,गगनपुर,चकाई,जमुई,811303
अमताहा,तेलियामारन,गगनपुर,चकाई,जमुई,811303
बघरैया,गगनपुर,गगनपुर,चकाई,जमुई,811303
सिमराढाव,गगनपुर,गगनपुर,चकाई,जमुई,811303
नावाडीह,गगनपुर,गगनपुर,चकाई,जमुई,811303
गगनपुर,गगनपुर,गगनपुर,चकाई,जमुई,811303
कुसमातांड,गगनपुर,गगनपुर,चकाई,जमुई,811303
दखिनवारीडीह,गगनपुर,गगनपुर,चकाई,जमुई,811303
गादी,गगनपुर,गगनपुर,चकाई,जमुई,811303
मलकपुर,मलकपुर,गगनपुर,चकाई,जमुई,811303
पेसरपानी,मलकपुर,गगनपुर,चकाई,जमुई,811303
सुअरमारा,मलकपुर,गगनपुर,चकाई,जमुई,811303
कुसीआहर,मलकपुर,गगनपुर,चकाई,जमुई,811303
हरियारों,मलकपुर,गगनपुर,चकाई,जमुई,811303
अनु,मलकपुर,गगनपुर,चकाई,जमुई,811303
गादी,गादी,गगनपुर,चकाई,जमुई,811303
मधुपुर,गादी,गगनपुर,चकाई,जमुई,811303
बोगी.,गादी,गगनपुर,चकाई,जमुई,811303
गरूडबाद,गरूडबाद,सरस्वती बटपार,चकाई,जमुई,811303
मंझलाडीह,गरूडबाद,सरस्वती बटपार,चकाई,जमुई,811303
राजाड़मर,राजाडूमर,सरस्वती बटपार,चकाई,जमुई,811303
मडवा,राजाडूमर,सरस्वती बटपार,चकाई,जमुई,811303
गोसवारा,राजाडूमर,सरस्वती बटपार,चकाई,जमुई,811303
बरसुटिया,राजाडूमर,सरस्वती बटपार,चकाई,जमुई,811303
बरमोरिया,बरमोरिया,सरस्वती बटपार,चकाई,जमुई,811303
हॉसीकोल,बरमोरिया,सरस्वती बटपार,चकाई,जमुई,811303
तेंलगां,बरमोरिया,सरस्वती बटपार,चकाई,जमुई,811303
सिकटीया,सिकटिया,चकाई,चकाई,जमुई,811303
हरदीतरी,सिकटिया,चकाई,चकाई,जमुई,811303
ननहीया,सिकटिया,चकाई,चकाई,जमुई,811303
पंचकठिया,सिकटिया,चकाई,चकाई,जमुई,811303
छोवाकुरा,सिकटिया,चकाई,चकाई,जमुई,811303
देवापहाड,सिकटिया,चकाई,चकाई,जमुई,811303
केंचुआ,सिकटिया,चकाई,चकाई,जमुई,811303
टोला रंगनिया,सिकटिया,चकाई,चकाई,जमुई,811303
रहिमा,रहिमा,चकाई,चकाई,जमुई,811303
बथना कौला,रहिमा,चकाई,चकाई,जमुई,811303
बाराकोला,रहिमा,चकाई,चकाई,जमुई,811303
सुग्गीगम्हार,सुग्गीगम्हार,चकाई,चकाई,जमुई,811303
कॉझी,सुग्गीगम्हार,चकाई,चकाई,जमुई,811303
चतरी,सुग्गीगम्हार,चकाई,चकाई,जमुई,811303
जोौगिया,सुग्गीगम्हार,चकाई,चकाई,जमुई,811303
कर्माकोला,सुग्गीगम्हार,चकाई,चकाई,जमुई,811303
धमना,धमना,चकाई,चकाई,जमुई,811303
पोझा,धमना,चकाई,चकाई,जमुई,811303
दुम्बा,धमना,चकाई,चकाई,जमुई,811303
बूढीखार,धमना,चकाई,चकाई,जमुई,811303
चहबच्चा,चहबच्चा,चकाई,चकाई,जमुई,811303
महेशापत्थर,महेशापत्थर,चकाई,चकाई,जमुई,811303
गंगारायडीह,गंगारायडीह,चकाई,चकाई,जमुई,811303
बैजा,गंगारायडीह,चकाई,चकाई,जमुई,811303
रघूसार,गंगारायडीह,चकाई,चकाई,जमुई,811303
लगमा,गंगारायडीह,चकाई,चकाई,जमुई,811303
बेला,गंगारायडीह,चकाई,चकाई,जमुई,811303
गंगारायडीह,गंगारायडीह,चकाई,चकाई,जमुई,811303
विशनपुर,गंगारायडीह,चकाई,चकाई,जमुई,811303
फिटकोरिया,फितकुरिया,बामदह,चकाई,जमुई,811303
चान्दौसोल,फितकुरिया,बामदह,चकाई,जमुई,811303
कारीझाल,फितकुरिया,बामदह,चकाई,जमुई,811303
पिपरा,फितकुरिया,बामदह,चकाई,जमुई,811303
बामदह,बामदह,बामदह,चकाई,जमुई,811303
बन्दरभंगुआ,बंदरभगुवा,बामदह,चकाई,जमुई,811303
करहरिया,बंदरभगुवा,बामदह,चकाई,जमुई,811303
ढोढसाकोला,बंदरभगुवा,बामदह,चकाई,जमुई,811303
केलुआडीह,बंदरभगुवा,बामदह,चकाई,जमुई,811303
दोमुहान,दोमुहान,बामदह,चकाई,जमुई,811303
कुडवा,दोमुहान,बामदह,चकाई,जमुई,811303
बरमसिया,दोमुहान,बामदह,चकाई,जमुई,811303
मंझलाकोला,दोमुहान,बामदह,चकाई,जमुई,811303
छिडपत्थर ताराखार,छीडपत्थर,बामदह,चकाई,जमुई,811303
छिडपत्थर,छीडपत्थर,बामदह,चकाई,जमुई,811303
ताराखार,ताराखांड,बामदह,चकाई,जमुई,811303
बाघापतार,ताराखांड,बामदह,चकाई,जमुई,811303
जोगियातरी,ताराखांड,बामदह,चकाई,जमुई,811303
लोहसिंगना,लोहसिघंना,बामदह,चकाई,जमुई,811303
नावाडीह,नावाडीह,चकाई,चकाई,जमुई,811303
चौफला,चौफला,बामदह,चकाई,जमुई,811303
केनवनवा,चौफला,बामदह,चकाई,जमुई,811303
छाता,छाता,बामदह,चकाई,जमुई,811303
सिमरा,सिमरा,बामदह,चकाई,जमुई,811303
हेठ सापाहा,खोरी,बामदह,चकाई,जमुई,811303
खोरी,खोरी,बामदह,चकाई,जमुई,811303
सलैया,खोरी,बामदह,चकाई,जमुई,811303
मुड़ली,खोरी,बामदह,चकाई,जमुई,811303
भलुवा,भलुआ,बामदह,चकाई,जमुई,811303
करमाटोंड,करमाटांड,बामदह,चकाई,जमुई,811303
मुडाटांड,करमाटांड,बामदह,चकाई,जमुई,811303
गनैया,करमाटांड,बामदह,चकाई,जमुई,811303
वनपोखरा,बनपोखरा,चन्द्रमंडी,चकाई,जमुई,811303
ठाडी,ठाढी,विशोदह,चकाई,जमुई,811316
बाराडीह,ठाढी,विशोदह,चकाई,जमुई,811316
सिझुआ,ठाढी,विशोदह,चकाई,जमुई,811316
दोतना,ठाढी,विशोदह,चकाई,जमुई,811316
मोहलिया,ठाढी,विशोदह,चकाई,जमुई,811316
छोटकी केडवाटांड,ठाढी,विशोदह,चकाई,जमुई,811316
माधुरी,ठाढी,विशोदह,चकाई,जमुई,811316
नौकाडीह,नौकाडीह,विशोदह,चकाई,जमुई,811316
सतपोखरा,नौकाडीह,विशोदह,चकाई,जमुई,811316
मादादमगी,नौकाडीह,विशोदह,चकाई,जमुई,811316
बेन्दरा,नौकाडीह,विशोदह,चकाई,जमुई,811316
खुटमों,नौकाडीह,विशोदह,चकाई,जमुई,811316
हरला,नौकाडीह,विशोदह,चकाई,जमुई,811316
लकडा,नौकाडीह,विशोदह,चकाई,जमुई,811316
हरीहरपुर,नौकाडीह,विशोदह,चकाई,जमुई,811316
छाताकुरूर,बसमनिया,विशोदह,चकाई,जमुई,811316
गोन्दलीटांड,बसमनिया,विशोदह,चकाई,जमुई,811316
टोला राजासराय,बसमनिया,विशोदह,चकाई,जमुई,811316
तेतरिया,तेतरिया,चन्द्रमंडी,चकाई,जमुई,811303
कौलहाटॉंड,तेतरिया,चन्द्रमंडी,चकाई,जमुई,811303
जमुआ,तेतरिया,चन्द्रमंडी,चकाई,जमुई,811303
उडदवारी,उरदवारी,केवाल,चकाई,जमुई,811305
मोहनपुर,उरदवारी,केवाल,चकाई,जमुई,811305
बडकी केरवाटांड,उरदवारी,केवाल,चकाई,जमुई,811305
बाधमारा,उरदवारी,केवाल,चकाई,जमुई,811305
लक्ष्मीपुर,उरदवारी,केवाल,चकाई,जमुई,811305
किताकासा,उरदवारी,केवाल,चकाई,जमुई,811305
नोनतारा,उरदवारी,केवाल,चकाई,जमुई,811305
टोला गुनलिया,उरदवारी,केवाल,चकाई,जमुई,811305
तरौन,घुटवे,केवाल,चकाई,जमुई,811305
छोटकी ठाडी,घुटवे,केवाल,चकाई,जमुई,811305
बंधघसना,घुटवे,केवाल,चकाई,जमुई,811305
मानसिंहडीह,घुटवे,केवाल,चकाई,जमुई,811305
शेरवानी,घुटवे,केवाल,चकाई,जमुई,811305
ककोरिया,काकोरिया,नावाडीह सिलफरी,चकाई,जमुई,811303
वानाडीह,काकोरिया,नावाडीह सिलफरी,चकाई,जमुई,811303
रेणुआडीह,काकोरिया,नावाडीह सिलफरी,चकाई,जमुई,811303
केवाल,केवाल,केवाल,चकाई,जमुई,811305
वुधुरायडीह,केवाल,केवाल,चकाई,जमुई,811305
केनवाडीह,केवाल,केवाल,चकाई,जमुई,811305
रामरसिंहडीह,रामर्सिहडीह,केवाल,चकाई,जमुई,811305
चुनुवारायडीह,चुनवारायडीह,मोहनपुर,चकाई,जमुई,811316
वाराकोला,चुनवारायडीह,मोहनपुर,चकाई,जमुई,811316
देवीटांड,चुनवारायडीह,मोहनपुर,चकाई,जमुई,811316
घघरी,चुनवारायडीह,मोहनपुर,चकाई,जमुई,811316
बाघमारा,चुनवारायडीह,मोहनपुर,चकाई,जमुई,811316
धनवे,धनवे,मोहनपुर,चकाई,जमुई,811316
पचकठिया,धनवे,मोहनपुर,चकाई,जमुई,811316
धनवे,धनवे,मोहनपुर,चकाई,जमुई,811316
पचकठिया,धनवे,मोहनपुर,चकाई,जमुई,811316
घोरमारा,धनवे,मोहनपुर,चकाई,जमुई,811316
टोला कानीवेल,धनवे,मोहनपुर,चकाई,जमुई,811316
फुट्टा सोनिया,धनवे,मोहनपुर,चकाई,जमुई,811316
घुटवे,घुटवे,केवाल,चकाई,जमुई,811305
सोनैया फुटा,सोनैया,सिमुलतला,चकाई,जमुई,811316
गदरजोर,सोनैया,सिमुलतला,चकाई,जमुई,811316
बेलाटांड,सोनैया,सिमुलतला,चकाई,जमुई,811316
मोहनपुर,सोनैया,सिमुलतला,चकाई,जमुई,811316
पहाडपुर,सोनैया,सिमुलतला,चकाई,जमुई,811316
भलुआरी,सोनैया,सिमुलतला,चकाई,जमुई,811316
घुटवे टोला रूपेय,सोनैया,सिमुलतला,चकाई,जमुई,811316
धघमनियां,धमनियाँ,सिमुलतला,चकाई,जमुई,811316
ठाडी,धमनियाँ,सिमुलतला,चकाई,जमुई,811316
नोनियातरी,धमनियाँ,सिमुलतला,चकाई,जमुई,811316
कौयरीडीह,धमनियाँ,सिमुलतला,चकाई,जमुई,811316
भंडारो,धमनियाँ,सिमुलतला,चकाई,जमुई,811316
अम्बाटांड,धमनियाँ,सिमुलतला,चकाई,जमुई,811316
बघवा,बघवा,सिमुलतला,चकाई,जमुई,811316
लडेयाटांड,बघवा,सिमुलतला,चकाई,जमुई,811316
धोनोरायडीह,बघवा,सिमुलतला,चकाई,जमुई,811316
नैयाडीह,बघवा,सिमुलतला,चकाई,जमुई,811316
अम्बाकोला,बघवा,सिमुलतला,चकाई,जमुई,811316
नोडिया,बघवा,सिमुलतला,चकाई,जमुई,811316
पियारफेड,पियारफेड,मोहनपर,चकाई,जमुई,811316
जमुनियाटांड,पियारफेड,मोहनपर,चकाई,जमुई,811316
बक्‍सा महृवतिया,पियारफेड,मोहनपर,चकाई,जमुई,811316
सलैया,सलैया,मोहनपर,चकाई,जमुई,811316
वाजपेयडीह,सलैया,मोहनपर,चकाई,जमुई,811316
बाबुडीह,सलैया,मोहनपर,चकाई,जमुई,811316
रतीडीह,सलैया,मोहनपर,चकाई,जमुई,811316
मोदीडीह,सलैया,मोहनपर,चकाई,जमुई,811316
भंडरा,सलैया,मोहनपर,चकाई,जमुई,811316
असनघटिया,सलैया,मोहनपर,चकाई,जमुई,811316
बलुवाडीह,सलैया,मोहनपर,चकाई,जमुई,811316
कल्याणपुर,पियारफेड,मोहनपर,चकाई,जमुई,811316
बसतपुर,पियारफेड,मोहनपर,चकाई,जमुई,811316
फतेहपुर,पियारफेड,मोहनपर,चकाई,जमुई,811316
आरपत्थर,पियारफेड,मोहनपर,चकाई,जमुई,811316
तिनकोना,तीनकोना,मोहनपर,चकाई,जमुई,811316
झौसा,तीनकोना,मोहनपर,चकाई,जमुई,811316
करना,तीनकोना,मोहनपर,चकाई,जमुई,811316
सिरसिता,तीनकोना,मोहनपर,चकाई,जमुई,811316
करमाटांड,तीनकोना,मोहनपर,चकाई,जमुई,811316
मोहनपुर,तीनकोना,मोहनपर,चकाई,जमुई,811316
पलनियातरी,तीनकोना,मोहनपर,चकाई,जमुई,811316
अलगढी,तीनकोना,मोहनपर,चकाई,जमुई,811316
बरों,खोनाडावर,मोहनपर,चकाई,जमुई,811316
लपरीया,खोनाडावर,मोहनपर,चकाई,जमुई,811316
खोनाडावर,खोनाडावर,मोहनपर,चकाई,जमुई,811316
मुर्गातरी,खोनाडावर,मोहनपर,चकाई,जमुई,811316
मचनातरी,खोनाडावर,मोहनपर,चकाई,जमुई,811316
तीनकोना,खोनाडावर,मोहनपर,चकाई,जमुई,811316
करना,खोनाडावर,मोहनपर,चकाई,जमुई,811316
कसेनातरी,खोनाडावर,मोहनपर,चकाई,जमुई,811316
बेला,बेला,माधोपुर,चकाई,जमुई,811303
तारडीह,बेला,माधोपुर,चकाई,जमुई,811303
सिरसिया मोहनपुर,सिरसिया,मोहनपुर,चकाई,जमुई,811316
लोघमा,सिरसिया,मोहनपुर,चकाई,जमुई,811316
भलुआ,सिरसिया,मोहनपुर,चकाई,जमुई,811316
बससुटिया,सिरसिया,मोहनपुर,चकाई,जमुई,811316
रायचोर,चिहरा,नावाडीह सिलफरी,चकाई,जमुई,811303
चिहरा,चिहरा,नावाडीह सिलफरी,चकाई,जमुई,811303
बालकोड,चिहरा,नावाडीह सिलफरी,चकाई,जमुई,811303
लालपुर,चिहरा,नावाडीह सिलफरी,चकाई,जमुई,811303
डढवा,डढ्वा,नावाडीह सिलफरी,चकाई,जमुई,811303
नौगाछी,डढ्वा,नावाडीह सिलफरी,चकाई,जमुई,811303
माणिकपुर,डढ्वा,नावाडीह सिलफरी,चकाई,जमुई,811303
चन्द्रमंडी गंगटी,डढ्वा,नावाडीह सिलफरी,चकाई,जमुई,811303
विशनपुर टौला गंगटी,बिसनपुर,माधोपुर,चकाई,जमुई,811303
विशनपुर,बिसनपुर,माधोपुर,चकाई,जमुई,811303
बसबुटिया,बिसनपुर,माधोपुर,चकाई,जमुई,811303
मंझली गंगटी,मझलीगंगटी,नावाडीह सिलफरी,चकाई,जमुई,811303
तीनचुओँ,मझलीगंगटी,नावाडीह सिलफरी,चकाई,जमुई,811303
ठाढी,ठाढी,नावाडीह सिलफरी,चकाई,जमुई,811303
बसहरा,ठाढी,नावाडीह सिलफरी,चकाई,जमुई,811303
धवाना,ठाढी,नावाडीह सिलफरी,चकाई,जमुई,811303
योगियामारन,ठाढी,नावाडीह सिलफरी,चकाई,जमुई,811303
रंगनियाँ,रंगनिया,नावाडीह सिलफरी,चकाई,जमुई,811303
जेरूवाडीह,जेसूआडीह,नावाडीह सिलफरी,चकाई,जमुई,811303
वेलाटॉड,जेसूआडीह,नावाडीह सिलफरी,चकाई,जमुई,811303
घर्मरायडीह,धर्मरायडीह,नावाडीह सिलफरी,चकाई,जमुई,811303
भवनडीह,धर्मरायडीह,नावाडीह सिलफरी,चकाई,जमुई,811303
बंधानावाडीह,सिलफरी,चकाई,जमुई,811303
घटियानी,घटियानी,नावाडीह सिलफरी,चकाई,जमुई,811303
गोरसौती,घटियानी,नावाडीह सिलफरी,चकाई,जमुई,811303
मेलानी,मिलानी,नावाडीह सिलफरी,चकाई,जमुई,811303
अखाने,अखाने,नावाडीह सिलफरी,चकाई,जमुई,811303
नौवासार,नौसार,नावाडीह सिलफरी,चकाई,जमुई,811303
चरघरा,नौसार,नावाडीह सिलफरी,चकाई,जमुई,811303
विशोडीह,नौसार,नावाडीह सिलफरी,चकाई,जमुई,811303
असहना,असहना,चन्द्रमंडी,चकाई,जमुई,811303
योगीडीह,असहना,चन्द्रमंडी,चकाई,जमुई,811303
कोराने,कोराने,कोराने,चकाई,जमुई,811303
कर्णगढ,कर्णगढ,चन्द्रमंडी,चकाई,जमुई,811303
राजकर्णगढ,राजकर्णगढ,चन्द्रमंडी,चकाई,जमुई,811303
चन्द्रमंडीह,चन्द्रमंडी,चन्द्रमंडी,चकाई,जमुई,811303
सगदनीडीह,चन्द्रमंडी,चन्द्रमंडी,चकाई,जमुई,811303
चन्द्रमंडी,चन्द्रमंडी,चन्द्रमंडी,चकाई,जमुई,811303
चन्द्रमण्डीह,चन्द्रमंडी,चन्द्रमंडी,चकाई,जमुई,811303
नवादा,नवादा,चन्द्रमंडी,चकाई,जमुई,811303
धावादांड,धावाटाँड,चन्द्रमंडी,चकाई,जमुई,811303
हेठ चकाई,हेठचकाई,चकाई,चकाई,जमुई,811303
भगौन,भगौन,चकाई,चकाई,जमुई,811303
पाटजोरी,पाटजोरी,चकाई,चकाई,जमुई,811303
मत्तेडीह,मतेडीह,चकाई,चकाई,जमुई,811303
नारोडीह,मतेडीह,चकाई,चकाई,जमुई,811303
गुडियाडीह,मतेडीह,चकाई,चकाई,जमुई,811303
पाए,मतेडीह,चकाई,चकाई,जमुई,811303
पिपरा,पिपरा,चकाई,चकाई,जमुई,811303
गरही टौला सौतारी,पिपरा,चकाई,चकाई,जमुई,811303
पडड़िया,पिपरा,चकाई,चकाई,जमुई,811303
गरही,पिपरा,चकाई,चकाई,जमुई,811303
रामचन्द्रडीह,रामचन्द्रडीह,चकाई,चकाई,जमुई,811303
मंगताडीह,मंगताडीह,चकाई,चकाई,जमुई,811303
बदियाडीह,बदियाडीह,चकाई,चकाई,जमुई,811303
कोहवाराटांड,बदियाडीह,चकाई,चकाई,जमुई,811303
छछुडीह,छछुडीह,चकाई,चकाई,जमुई,811303
कपरीडीह,छछुडीह,चकाई,चकाई,जमुई,811303
नवादा,नवादा,सरस्वती बटपार,चकाई,जमुई,811303
गादी,नवादा,सरस्वती बटपार,चकाई,जमुई,811303
नवादा पकरी,नवादा,सरस्वती बटपार,चकाई,जमुई,811303
नवादा टोला गादी,नवादा,सरस्वती बटपार,चकाई,जमुई,811303
सिमरिया,सिमरिया,सरस्वती बटपार,चकाई,जमुई,811303
सिरामनडिह,सिरामनडीह,सरस्वती बटपार,चकाई,जमुई,811303
नावाडीह,नवाडीह,सरस्वती बटपार,चकाई,जमुई,811303
कटहराटाड,कटहराटाड,सरस्वती बटपार,चकाई,जमुई,811303
ठाकुरशेर,ठाकुरशेर,सरस्वती बटपार,चकाई,जमुई,811303
भितीया,ठाकुरशेर,सरस्वती बटपार,चकाई,जमुई,811303
पेसहरा,ठाकुरशेर,सरस्वती बटपार,चकाई,जमुई,811303
भितिया,ठाकुरशेर,सरस्वती बटपार,चकाई,जमुई,811303
बधनमारा,ठाकुरशेर,सरस्वती बटपार,चकाई,जमुई,811303
बुदियाटॉंड,ठाकुरशेर,सरस्वती बटपार,चकाई,जमुई,811303
महतोडीह,कोकहरा,सरस्वती बटपार,चकाई,जमुई,811303
कौकहारा,कोकहरा,सरस्वती बटपार,चकाई,जमुई,811303
परांची,पराँची,सरस्वती बटपार,चकाई,जमुई,811303
तेतरिया,तेतरिया,सरस्वती बटपार,चकाई,जमुई,811303
गोविन्दोडीह,तेतरिया,सरस्वती बटपार,चकाई,जमुई,811303
सरौन,सरौन,सरौन,चकाई,जमुई,811303
मोगलाटांड,चकाई,सरौन,चकाई,जमुई,811303
कुसीटांड,चकाई,सरौन,चकाई,जमुई,811303
गाढी तिलजोरी,चकाई,सरौन,चकाई,जमुई,811303
गोपीडीह,बसमाता,सरौन,चकाई,जमुई,811303
बसमत्ता,बसमाता,सरौन,चकाई,जमुई,811303
राजाडुमर,बसमाता,सरौन,चकाई,जमुई,811303
जम्हरा,चरघरा,सरौन,चकाई,जमुई,811303
बसमत्ता टोला अम्बाटाॉँड,चरघरा,सरौन,चकाई,जमुई,811303
चरघरा,चरघरा,सरौन,चकाई,जमुई,811303
कठवारा,कठवारा,सरौन,चकाई,जमुई,811303
जेस्वाडीह,कठवारा,सरौन,चकाई,जमुई,811303
कठवारा,कठवारा,सरौन,चकाई,जमुई,811303
जेस्वाडीह,कठवारा,सरौन,चकाई,जमुई,811303
कासीडीह,कठवारा,सरौन,चकाई,जमुई,811303
पुनगी,कठवारा,सरौन,चकाई,जमुई,811303
नैयवाडीह,कठवारा,सरौन,चकाई,जमुई,811303
रामथाडीह,रमतहाडीह,सरौन,चकाई,जमुई,811303
गम्हरिया,रमतहाडीह,सरौन,चकाई,जमुई,811303
दिरंगी,दिरंगी,सरौन,चकाई,जमुई,811303
टोला छोटापार,दिरंगी,सरौन,चकाई,जमुई,811303
घुटिया,घुठिया,सरौन,चकाई,जमुई,811303
लछुआडीह,घुठिया,सरौन,चकाई,जमुई,811303
कपसा,घुठिया,सरौन,चकाई,जमुई,811303
सौनेया,सोनैया,बसबुटटी,चकाई,जमुई,811303
धावाटॉड,धवांटाड,बसबुटटी,चकाई,जमुई,811303
बसबुटटी,धवांटाड,बसबुटटी,चकाई,जमुई,811303
पन्ना,धवांटाड,बसबुटटी,चकाई,जमुई,811303
बगहों,गजही,बसबुटटी,चकाई,जमुई,811303
मुरलीपहाडी,गजही,बसबुटटी,चकाई,जमुई,811303
गदहरा,गजही,बसबुटटी,चकाई,जमुई,811303
गरभूडीह,गजही,बसबुटटी,चकाई,जमुई,811303
गजही,गजही,बसबुटटी,चकाई,जमुई,811303
बिंझा,गजही,बसबुटटी,चकाई,जमुई,811303
सुन्दरी,सुन्दरी,सरौन,चकाई,जमुई,811303
कांसजोर,सुन्दरी,सरौन,चकाई,जमुई,811303
बरदघटटी,सुन्दरी,सरौन,चकाई,जमुई,811303
कुसमाहा,सुन्दरी,सरौन,चकाई,जमुई,811303
पांडेयडीह,सुन्दरी,सरौन,चकाई,जमुई,811303
सुन्दरी,सुन्दरी,सरौन,चकाई,जमुई,811303
कांसजोर,सुन्दरी,सरौन,चकाई,जमुई,811303
बरदघटटी,सुन्दरी,सरौन,चकाई,जमुई,811303
कुसमाहा,सुन्दरी,सरौन,चकाई,जमुई,811303
पांडेयडीह,सुन्दरी,सरौन,चकाई,जमुई,811303
नारंगी,नारगी,बसबुटटी,चकाई,जमुई,811303
मोरियाडीह,मोरियाडीह,बसबुटटी,चकाई,जमुई,811303
चकाई बाजार,चकाई,चकाई,चकाई,जमुई,811303
तीनघरा,तीनघरा,चकाई,चकाई,जमुई,811303
नगरी,नगरी,चकाई,चकाई,जमुई,811303
लीलूडीह,चकाई,चकाई,जमुई,811303
अंडीडीह,अंडीडीह,कोराने,चकाई,जमुई,811303
हरिअंधी,अंडीडीह,कोराने,चकाई,जमुई,811303
बेरबारी,अंडीडीह,कोराने,चकाई,जमुई,811303
घोरमों,महोलिया,चकाई,चकाई,जमुई,811303
भुत्तहा,महोलिया,चकाई,चकाई,जमुई,811303
मोहलिया,महोलिया,चकाई,चकाई,जमुई,811303
गोपीडीह,महोलिया,चकाई,चकाई,जमुई,811303
अम्बाडीह,अम्बाडीह,चकाई,चकाई,जमुई,811303
गोला चकाई,चकाई,चकाई,चकाई,जमुई,811303
खास चकाई,चकाई,चकाई,चकाई,जमुई,811303
उरवा टोला टांड पर,उरवा,उर्बा,चकाई,जमुई,811303
महेश्वरी,उरवा,उर्बा,चकाई,जमुई,811303
उर्वा,उरवा,उर्बा,चकाई,जमुई,811303
जलखरिया,जलखरिया,उर्बा,चकाई,जमुई,811303
जमुनी,जमुनी,उर्बा,चकाई,जमुई,811303
छोटकीटॉंड,जमुनी,उर्बा,चकाई,जमुई,811303
बालागोजी,बालागोजी,उर्बा,चकाई,जमुई,811303
मुसवाडीह,बालागोजी,उर्बा,चकाई,जमुई,811303
दरवेडीह,बालागोजी,उर्बा,चकाई,जमुई,811303
पेटरपहाड़ी,पेटरपहडी,उर्बा,चकाई,जमुई,811303
वाघा,बाधा.,उर्बा,चकाई,जमुई,811303
गणेशपुर पूर्व टोला,बाधा.,उर्बा,चकाई,जमुई,811303
महरायडीह,नैयाडीह,उर्बा,चकाई,जमुई,811303
मोहनीडीह,नैयाडीह,उर्बा,चकाई,जमुई,811303
नैयाडीह,नैयाडीह,उर्बा,चकाई,जमुई,811303
कन्दनी,कन्दनी,उर्बा,चकाई,जमुई,811303
लेदवारा,कन्दनी,उर्बा,चकाई,जमुई,811303
करमाटांड,कन्दनी,उर्बा,चकाई,जमुई,811303
रमनीडीह,कन्दनी,उर्बा,चकाई,जमुई,811303
पीपरा,कन्दनी,उर्बा,चकाई,जमुई,811303
पिपरा,कन्दनी,उर्बा,चकाई,जमुई,811303
बाराटोंड,बाराटाँड,उर्बा,चकाई,जमुई,811303
पहरीया,बाराटाँड,उर्बा,चकाई,जमुई,811303
मालदहडीह,ढोढिया,कियाजोरी,चकाई,जमुई,811303
नैयाडीह,ढोढिया,कियाजोरी,चकाई,जमुई,811303
बदिया,ढोढिया,कियाजोरी,चकाई,जमुई,811303
ढोढिया,ढोढिया,कियाजोरी,चकाई,जमुई,811303
योगियाटिलहा,योगियाटिल्हा,कियाजोरी,चकाई,जमुई,811303
सतसाला,सतसाला,कियाजोरी,चकाई,जमुई,811303
पिपरापरघार,सतसाला,कियाजोरी,चकाई,जमुई,811303
दलोडीह,दलोडीह,कियाजोरी,चकाई,जमुई,811303
तुरकाडीह,दलोडीह,कियाजोरी,चकाई,जमुई,811303
रामसहायडीह,दलोडीह,कियाजोरी,चकाई,जमुई,811303
बेलबाना,दलोडीह,कियाजोरी,चकाई,जमुई,811303
घाघरा,घघरा,कियाजोरी,चकाई,जमुई,811303
नगरी,घघरा,कियाजोरी,चकाई,जमुई,811303
सिरमनडीह,घघरा,कियाजोरी,चकाई,जमुई,811303
आंबाटांड,पंजरायडीह,कियाजोरी,चकाई,जमुई,811303
पाण्डेयडीह,पंजरायडीह,कियाजोरी,चकाई,जमुई,811303
भाल्सुम्भा,पंजरायडीह,कियाजोरी,चकाई,जमुई,811303
मंझलीटिलहा,पंजरायडीह,कियाजोरी,चकाई,जमुई,811303
बाबुडीह,बाबूडीह,कियाजोरी,चकाई,जमुई,811303
बलियाडाबर,बाबूडीह,कियाजोरी,चकाई,जमुई,811303
गादीकियाजोरी,बाबूडीह,कियाजोरी,चकाई,जमुई,811303
कियाजोरी,कियाजोरी,कियाजोरी,चकाई,जमुई,811303
पेसराहा,कियाजोरी,कियाजोरी,चकाई,जमुई,811303
माधोपुर,माधोपुर,चकाई,जमुई,811303,
बारा,माधोपुर,माधोपुर,चकाई,जमुई,811303
सिमरातरी,माधोपुर,माधोपुर,चकाई,जमुई,811303
कुदरकटटा,माधोपुर,माधोपुर,चकाई,जमुई,811303
मेथीडीह,माधोपुर,माधोपुर,चकाई,जमुई,811303
कौडाडीह,माधोपुर,माधोपुर,चकाई,जमुई,811303
बुधवाडीह,माधोपुर,माधोपुर,चकाई,जमुई,811303
करहरीटांड,माधोपुर,माधोपुर,चकाई,जमुई,811303
जागाडीह,बोने,माधोपुर,चकाई,जमुई,811303
किशनजोरी,बोने,माधोपुर,चकाई,जमुई,811303
बोने,बोने,माधोपुर,चकाई,जमुई,811303
घरभाषण,घरभाषण,माधोपुर,चकाई,जमुई,811303
काशरायडीह,घरभाषण,माधोपुर,चकाई,जमुई,811303
गादी सिल्फरी,गादी,माधोपुर,चकाई,जमुई,811303
चोरकटटा,गादी,माधोपुर,चकाई,जमुई,811303
लखमीडीह,गादी,माधोपुर,चकाई,जमुई,811303
हिरनाटांड,हिरनाटाँड,कोराने,चकाई,जमुई,811303
गौरीडीह,गौरीडीह,माधोपुर,चकाई,जमुई,811303
धमनिया,गौरीडीह,माधोपुर,चकाई,जमुई,811303
असनबोनी,असनबनिया,कियाजोरी,चकाई,जमुई,811303
भदरोना,असनबनिया,कियाजोरी,चकाई,जमुई,811303
पन्ना,असनबनिया,कियाजोरी,चकाई,जमुई,811303
दुलईया,असनबनिया,कियाजोरी,चकाई,जमुई,811303
घुरनामा,असनबनिया,कियाजोरी,चकाई,जमुई,811303
मनकीतरी,असनबनिया,कियाजोरी,चकाई,जमुई,811303
दुर्गाडीह,असनबनिया,कियाजोरी,चकाई,जमुई,811303
बीचगढा,असनबनिया,कियाजोरी,चकाई,जमुई,811303
हिरनाटांड,हिरनाटाँड,कियाजोरी,चकाई,जमुई,811303
बकशीला,हिरनाटाँड,कियाजोरी,चकाई,जमुई,811303
मलुआ,भलुआ,कियाजोरी,चकाई,जमुई,811303
इंदोडीह,भलुआ,कियाजोरी,चकाई,जमुई,811303
डोमाछोरांट,भलुआ,कियाजोरी,चकाई,जमुई,811303
धघवाटाड,भलुआ,कियाजोरी,चकाई,जमुई,811303
तेतरीया,भलुआ,कियाजोरी,चकाई,जमुई,811303
कपेटा,भलुआ,कियाजोरी,चकाई,जमुई,811303
दूर्गातरी,भलुआ,कियाजोरी,चकाई,जमुई,811303
बरकीटांड,बरकीटाँड,कियाजोरी,चकाई,जमुई,811303
मुडवाडीह,बरकीटाँड,कियाजोरी,चकाई,जमुई,811303
लच्छीडीह,बरकीटाँड,कियाजोरी,चकाई,जमुई,811303
कौलहाडीह,बरकीटाँड,कियाजोरी,चकाई,जमुई,811303
नैयाडीह,बरकीटाँड,कियाजोरी,चकाई,जमुई,811303
बंशीडीह,बरकीटाँड,कियाजोरी,चकाई,जमुई,811303
केलीडीह,बरकीटाँड,कियाजोरी,चकाई,जमुई,811303
मधुपुर,मधुपुर,कियाजोरी,चकाई,जमुई,811303
बघवा,मधुपुर,कियाजोरी,चकाई,जमुई,811303
किशनजोरी,मधुपुर,कियाजोरी,चकाई,जमुई,811303
पाण्डेयडीह,पाण्डेयडीह,कियाजोरी,चकाई,जमुई,811303
नावाडीह,पाण्डेयडीह,कियाजोरी,चकाई,जमुई,811303
फरियताडीह,फरियत्ताडीह,कियाजोरी,चकाई,जमुई,811303
मंझलीटिल्हा,फरियत्ताडीह,कियाजोरी,चकाई,जमुई,811303
टोला नैयाडीह,फरियत्ताडीह,कियाजोरी,चकाई,जमुई,811303
बिराजीडीह,बिराजीडीह,कियाजोरी,चकाई,जमुई,811303
जमुआ,बिराजीडीह,कियाजोरी,चकाई,जमुई,811303
कौलहडीया,बिराजीडीह,कियाजोरी,चकाई,जमुई,811303
मोहबदिया,बिराजीडीह,कियाजोरी,चकाई,जमुई,811303
बसंतपुर,संघरा,बिचकोड़वा,चकाई,जमुई,811303
हिरनसिंघा,संघरा,बिचकोड़वा,चकाई,जमुई,811303
संघरा,संघरा,बिचकोड़वा,चकाई,जमुई,811303
लपरियार,संघरा,बिचकोड़वा,चकाई,जमुई,811303
करुआपत्थर,संघरा,बिचकोड़वा,चकाई,जमुई,811303
झुमरबाद,संघरा,दुलमपुर,चकाई,जमुई,811303
लकराही,संघरा,दुलमपुर,चकाई,जमुई,811303
जमुआ,संघरा,दुलमपुर,चकाई,जमुई,811303
नैयाडीह,संघरा,दुलमपुर,चकाई,जमुई,811303
नौवाडीह,नौवाडीह,बिचकोड़वा,चकाई,जमुई,811303
घटियार,बाबूडीह,दुलमपुर,चकाई,जमुई,811303
बाबुडीह,बाबूडीह,दुलमपुर,चकाई,जमुई,811303
मंझलीटॉड/घरियारी,बाबूडीह,दुलमपुर,चकाई,जमुई,811303
लखुआ,बाबूडीह,दुलमपुर,चकाई,जमुई,811303
अमरवा,बाबूडीह,दुलमपुर,चकाई,जमुई,811303
जमुआ,बाबूडीह,दुलमपुर,चकाई,जमुई,811303
रेगनीया,बाबूडीह,दुलमपुर,चकाई,जमुई,811303
मुकन्दा,बाबूडीह,दुलमपुर,चकाई,जमुई,811303
घटियार,बाबूडीह,दुलमपुर,चकाई,जमुई,811303
बाबुडीह,बाबूडीह,दुलमपुर,चकाई,जमुई,811303
मंझलीटॉड/घरियारी,बाबूडीह,दुलमपुर,चकाई,जमुई,811303
लखुआ,बाबूडीह,दुलमपुर,चकाई,जमुई,811303
अमरवा,बाबूडीह,दुलमपुर,चकाई,जमुई,811303
गोविन्दुपपुर,गोविन्दपुर,दुलमपुर,चकाई,जमुई,811303
जबरदाहा,गोविन्दपुर,दुलमपुर,चकाई,जमुई,811303
पिपरा,पिपरा,दुलमपुर,चकाई,जमुई,811303
लेरवा,लेखवा,दुलमपुर,चकाई,जमुई,811303
करही,लेखवा,दुलमपुर,चकाई,जमुई,811303
कोठा,लेखवा,दुलमपुर,चकाई,जमुई,811303
बाराडीह,लेखवा,दुलमपुर,चकाई,जमुई,811303
कुश्माहा,कुसमाहा,दुलमपुर,चकाई,जमुई,811303
एकतारा,कुसमाहा,दुलमपुर,चकाई,जमुई,811303
भजुसेर,कुसमाहा,दुलमपुर,चकाई,जमुई,811303
फतेहपुर,कुसमाहा,दुलमपुर,चकाई,जमुई,811303
पचुआडीह,कुसमाहा,दुलमपुर,चकाई,जमुई,811303
रंगमटिया,कुसमाहा,दुलमपुर,चकाई,जमुई,811303
नकटा,नकटा,दुलमपुर,चकाई,जमुई,811303
धथुरिया,नकटा,दुलमपुर,चकाई,जमुई,811303
जौगिरायडीह,नकटा,दुलमपुर,चकाई,जमुई,811303
घुठियारी,घुठियारी,दुलमपुर,चकाई,जमुई,811303
कटियामा,कटियामा,दुलमपुर,चकाई,जमुई,811303
सरबदिया,सरसबदिया,दुलमपुर,चकाई,जमुई,811303
दुलम्पुर,सरसबदिया,दुलमपुर,चकाई,जमुई,811303
दुलमपुर,दुलमपुर,दुलमपुर,चकाई,जमुई,811303
बदगुंडा,बदगुन्डा,दुलमपुर,चकाई,जमुई,811303
पतुआ टोला धाना,बदगुन्डा,दुलमपुर,चकाई,जमुई,811303
खोखलों,बदगुन्डा,दुलमपुर,चकाई,जमुई,811303
कर्मटंड,बदगुन्डा,दुलमपुर,चकाई,जमुई,811303
चितरडीह,बदगुन्डा,दुलमपुर,चकाई,जमुई,811303
प्रतापपुर,प्रतापपुर,दुलमपुर,चकाई,जमुई,811303
गोरीपुर,प्रतापपुर,दुलमपुर,चकाई,जमुई,811303
भलुवा,प्रतापपुर,दुलमपुर,चकाई,जमुई,811303
पतौआ,प्रतापपुर,दुलमपुर,चकाई,जमुई,811303
धनवे,धनवे,दुलमपुर,चकाई,जमुई,811303
चरका,धनवे,दुलमपुर,चकाई,जमुई,811303
सलैया,धनवे,दुलमपुर,चकाई,जमुई,811303
तेतरिया,तेतरिया,पैरामटिहाना,सोनो,जमुई,811314
पिपराबांक,तेतरिया,पैरामटिहाना,सोनो,जमुई,811314
मकरकेन्दू,मकरकेन,चरकापत्थर,सोनो,जमुई,811314
चरकापत्थर,चरकापत्थर,चरकापत्थर,सोनो,जमुई,811314
रघियाछा,चरकापत्थर,चरकापत्थर,सोनो,जमुई,811314
चिहरा,चिहरा,चकाई,चकाई,जमुई,811303
हरणी,चिहरा,चकाई,चकाई,जमुई,811303
बेलखरी,चिहरा,चकाई,चकाई,जमुई,811303
खेरशाला,चिहरा,चकाई,चकाई,जमुई,811303
रंगनिया,चिहरा,चकाई,चकाई,जमुई,811303
छाताटोंड,चिहरा,चकाई,चकाई,जमुई,811303
धमना,धमना,चकाई,चकाई,जमुई,811303
बैजा,धमना,चकाई,चकाई,जमुई,811303
विशोदह,बिशोदह,विशोदह,चकाई,जमुई,811316
झगडमारन,बिशोदह,विशोदह,चकाई,जमुई,811316
गौबरदाहा,बिशोदह,विशोदह,चकाई,जमुई,811316
सपाहा,बिशोदह,विशोदह,चकाई,जमुई,811316
दुधनिया,दुधनिया,नावाडीह सिलफरी,चकाई,जमुई,811303
बाबुडीह,बाबूडीह,सोनो,सोनो,जमुई,811314
